Антисептик для рук Гель Жидкость 1л,1 апреля 00:44,https://www.avito.ru/moskva/krasota_i_zdorove/antiseptik_dlya_ruk_gel_zhidkost_1l_1897847635?slocation=107620
Салфетки спиртовые,1 апреля 00:31,https://www.avito.ru/moskva/krasota_i_zdorove/salfetki_spirtovye_1917035360
Антисептик AVA-200,31 марта 17:33,https://www.avito.ru/moskva/krasota_i_zdorove/antiseptik_ava-200_1888119376?slocation=107620
Дезинфицирующее средство,1 апреля 01:02,https://www.avito.ru/mytischi/krasota_i_zdorove/dezinfitsiruyuschee_sredstvo_1887132780?slocation=107620
Гель антисептик Kenosept G (L) 5л,1 апреля 00:49,https://www.avito.ru/moskva/krasota_i_zdorove/gel_antiseptik_kenosept_g_l_5l_1886549802
Антисептик для рук,31 марта 23:27,https://www.avito.ru/dmitrov/krasota_i_zdorove/antiseptik_dlya_ruk_1896315341?slocation=107620
Aravia лосьон и мусс для депиляции,31 марта 23:02,https://www.avito.ru/moskva/krasota_i_zdorove/aravia_loson_i_muss_dlya_depilyatsii_1802373141?slocation=107620
SAMSUNG Galaxy S10e Оникс (чёрный) - Новый,31 марта 21:43,https://www.avito.ru/moskva/telefony/samsung_galaxy_s10e_oniks_chernyy_-_novyy_1913138901
Изопропиловый спирт канистры по 10л 95,31 марта 21:24,https://www.avito.ru/moskva/remont_i_stroitelstvo/izopropilovyy_spirt_kanistry_po_10l_95_1911340743
Дезинфицирующее средство анолит анк супер,31 марта 18:42,https://www.avito.ru/moskva/krasota_i_zdorove/dezinfitsiruyuschee_sredstvo_anolit_ank_super_1897946775
"Гель для рук защитный с хлоргексидином, антисептик",31 марта 18:42,https://www.avito.ru/moskva/krasota_i_zdorove/gel_dlya_ruk_zaschitnyy_s_hlorgeksidinom_antiseptik_1897837727
Дезинфекция + уборка,31 марта 17:58,https://www.avito.ru/moskva/predlozheniya_uslug/dezinfektsiya_uborka_1912734933
Антисептик Лижен-ип RED,31 марта 17:24,https://www.avito.ru/moskva/krasota_i_zdorove/antiseptik_lizhen-ip_red_1908613356?slocation=107620
Антисептик оптом в наличии,31 марта 16:11,https://www.avito.ru/moskva/krasota_i_zdorove/antiseptik_optom_v_nalichii_1893154411?slocation=107620
Антисептик для рук 5л. Санитайзер +,31 марта 15:23,https://www.avito.ru/moskva/krasota_i_zdorove/antiseptik_dlya_ruk_5l._sanitayzer_1893205844
Смс Материал,1 апреля 00:32,https://www.avito.ru/moskva/krasota_i_zdorove/sms_material_1887099679?slocation=107620
Антисептик для рук 0.2,31 марта 14:11,https://www.avito.ru/moskva/krasota_i_zdorove/antiseptik_dlya_ruk_0.2_1912925333?slocation=107620
Полотно смс (спанбонд-мельтблаун-спанбонд),31 марта 22:19,https://www.avito.ru/moskva/oborudovanie_dlya_biznesa/polotno_sms_spanbond-meltblaun-spanbond_1914796826
Медицинские перчатки: Защищают от Вирусов,31 марта 21:43,https://www.avito.ru/moskva/krasota_i_zdorove/meditsinskie_perchatki_zaschischayut_ot_virusov_1896790478
Ткань для масок спанбонд,1 апреля 07:38,https://www.avito.ru/moskva/krasota_i_zdorove/tkan_dlya_masok_spanbond_1888846952
Маска массажёр для подтяжки кожи лица,1 апреля 07:06,https://www.avito.ru/moskva/krasota_i_zdorove/maska_massazher_dlya_podtyazhki_kozhi_litsa_1857818071
Ткань для медицинских масок,1 апреля 04:08,https://www.avito.ru/schelkovo/krasota_i_zdorove/tkan_dlya_meditsinskih_masok_1911985784?slocation=107620
Спанбонд смс для масок,1 апреля 02:58,https://www.avito.ru/moskva/krasota_i_zdorove/spanbond_sms_dlya_masok_1908190557?slocation=107620
Медицинская ткань для масок,1 апреля 02:23,https://www.avito.ru/moskva/krasota_i_zdorove/meditsinskaya_tkan_dlya_masok_1903956940?slocation=107620
Материал для масок,1 апреля 02:22,https://www.avito.ru/moskva/krasota_i_zdorove/material_dlya_masok_1907029069
"Cерая глина для лепки, косметики и чистки организм",1 апреля 01:27,https://www.avito.ru/elektrostal/krasota_i_zdorove/ceraya_glina_dlya_lepki_kosmetiki_i_chistki_organizm_951912788?slocation=107620
Материал для масок,1 апреля 01:19,https://www.avito.ru/moskva/krasota_i_zdorove/material_dlya_masok_1892690391?slocation=107620
Антисептик (гель) для рук,31 марта 12:04,https://www.avito.ru/zhukovskiy/krasota_i_zdorove/antiseptik_gel_dlya_ruk_1916658017?slocation=107620
Спанбонд ссс - смс,1 апреля 00:59,https://www.avito.ru/moskva/krasota_i_zdorove/spanbond_sss_-_sms_1910073822
Ткань Петрянова,1 апреля 00:40,https://www.avito.ru/moskva/krasota_i_zdorove/tkan_petryanova_1907817092?slocation=107620
Журнал Постермания Эксклюзив,1 апреля 00:04,https://www.avito.ru/moskva/knigi_i_zhurnaly/zhurnal_postermaniya_eksklyuziv_1882554554?slocation=107620
Журнал Капитан Америка Смерть Мечты,1 апреля 00:04,https://www.avito.ru/moskva/knigi_i_zhurnaly/zhurnal_kapitan_amerika_smert_mechty_1882064507?slocation=107620
Швея с проживанием,31 марта 23:36,https://www.avito.ru/moskva/vakansii/shveya_s_prozhivaniem_1898242230
Швея с проживанием,31 марта 23:36,https://www.avito.ru/dmitrov/vakansii/shveya_s_prozhivaniem_1898768767
"Косметолог Истра-Маски,Уходы,Муж/Жен Депиляции",31 марта 23:27,https://www.avito.ru/istra/predlozheniya_uslug/kosmetolog_istra-maskiuhodymuzhzhen_depilyatsii_1216303773
Антисептик гель для рук Diversey,31 марта 11:17,https://www.avito.ru/moskva/krasota_i_zdorove/antiseptik_gel_dlya_ruk_diversey_1894153232
Материал для Трехслойных масок,31 марта 23:23,https://www.avito.ru/moskva/krasota_i_zdorove/material_dlya_trehsloynyh_masok_1904427954?slocation=107620
Резинка шляпная,31 марта 22:39,https://www.avito.ru/moskva/krasota_i_zdorove/rezinka_shlyapnaya_1907593707
Ткань для медицинских трёхслойных масок голубая,31 марта 22:21,https://www.avito.ru/moskva/krasota_i_zdorove/tkan_dlya_meditsinskih_trehsloynyh_masok_golubaya_1913851785
Ткань для медицинских масок,31 марта 21:52,https://www.avito.ru/moskva/krasota_i_zdorove/tkan_dlya_meditsinskih_masok_1893272454?slocation=107620
Ткань для медицинских масок,31 марта 21:44,https://www.avito.ru/moskva/krasota_i_zdorove/tkan_dlya_meditsinskih_masok_1890624954?slocation=107620
LED маска светодиодная для лица,31 марта 21:40,https://www.avito.ru/kolomna/krasota_i_zdorove/led_maska_svetodiodnaya_dlya_litsa_1772792123?slocation=107620
Спанбонд смс. Ткань для масок,31 марта 21:37,https://www.avito.ru/moskva/krasota_i_zdorove/spanbond_sms._tkan_dlya_masok_1892510105?slocation=107620
Антисептик гель,31 марта 09:51,https://www.avito.ru/moskva/krasota_i_zdorove/antiseptik_gel_1909337318?slocation=107620
Ингалятор,31 марта 21:29,https://www.avito.ru/moskovskaya_oblast_dubna/krasota_i_zdorove/ingalyator_1813515390?slocation=107620
Полумаска GVS Elipse,31 марта 21:24,https://www.avito.ru/moskva/remont_i_stroitelstvo/polumaska_gvs_elipse_1891485409
Антисептик. Гель для рук. Санитайзер+. 100мл,30 марта 20:58,https://www.avito.ru/moskva/krasota_i_zdorove/antiseptik._gel_dlya_ruk._sanitayzer._100ml_1892955932
Спандбонд для медицинских масок,31 марта 21:22,https://www.avito.ru/moskva/krasota_i_zdorove/spandbond_dlya_meditsinskih_masok_1892191505
Крем Yiganerjing от псориаза,30 марта 18:02,https://www.avito.ru/moskva/krasota_i_zdorove/krem_yiganerjing_ot_psoriaza_1335741000?slocation=107620
Сайт для медицинских масок + Реклама,31 марта 21:15,https://www.avito.ru/moskva/predlozheniya_uslug/sayt_dlya_meditsinskih_masok_reklama_1896292738
Кожный антисептик. Spitaderm. спитадерм (ecolab),30 марта 17:53,https://www.avito.ru/moskva/oborudovanie_dlya_biznesa/kozhnyy_antiseptik._spitaderm._spitaderm_ecolab_640897188
Ткань для медицинских масок,31 марта 21:05,https://www.avito.ru/moskva/krasota_i_zdorove/tkan_dlya_meditsinskih_masok_1906903343?slocation=107620
Антисептик на основе хлогексидина 100 мл,30 марта 17:27,https://www.avito.ru/moskva/krasota_i_zdorove/antiseptik_na_osnove_hlogeksidina_100_ml_1907559622?slocation=107620
Ткань для медицинских масок,31 марта 21:03,https://www.avito.ru/moskva/krasota_i_zdorove/tkan_dlya_meditsinskih_masok_1895566259?slocation=107620
Антисептик для рук 500мл,30 марта 15:23,https://www.avito.ru/moskva/krasota_i_zdorove/antiseptik_dlya_ruk_500ml_1897361263?slocation=107620
Персональный закупщик в гипермаркет Глобус Щелково,31 марта 20:49,https://www.avito.ru/schelkovo/vakansii/personalnyy_zakupschik_v_gipermarket_globus_schelkovo_1888953727
Антисептик для рук антибактериальный Safe and care,30 марта 13:13,https://www.avito.ru/moskva/krasota_i_zdorove/antiseptik_dlya_ruk_antibakterialnyy_safe_and_care_1916407999?slocation=107620
Нитка - резинка,31 марта 20:45,https://www.avito.ru/podolsk/krasota_i_zdorove/nitka_-_rezinka_1902655469?slocation=107620
Ткань для трехслойных медицинских масок,31 марта 20:41,https://www.avito.ru/moskva/krasota_i_zdorove/tkan_dlya_trehsloynyh_meditsinskih_masok_1895655196?slocation=107620
Гель для рук антисептический,30 марта 12:55,https://www.avito.ru/moskva/krasota_i_zdorove/gel_dlya_ruk_antisepticheskiy_1892524444?slocation=107620
Ткань для медицинских масок,31 марта 20:41,https://www.avito.ru/moskva/krasota_i_zdorove/tkan_dlya_meditsinskih_masok_1914414065?slocation=107620
Антисептик Спрей,30 марта 12:38,https://www.avito.ru/moskva/krasota_i_zdorove/antiseptik_sprey_1911889791?slocation=107620
Косметолог,31 марта 20:32,https://www.avito.ru/moskva/predlozheniya_uslug/kosmetolog_913680314
Материал для медицинских масок,31 марта 20:24,https://www.avito.ru/moskva/krasota_i_zdorove/material_dlya_meditsinskih_masok_1889281251?slocation=107620
Шампуни бальзамы для животных 5л,30 марта 11:36,https://www.avito.ru/moskva/tovary_dlya_zhivotnyh/shampuni_balzamy_dlya_zhivotnyh_5l_1692486324
Магазину медицинских масок в Москве нужен курьер,31 марта 20:11,https://www.avito.ru/moskva/vakansii/magazinu_meditsinskih_masok_v_moskve_nuzhen_kurer_1895992559
Антисептик для рук,30 марта 08:55,https://www.avito.ru/moskva/krasota_i_zdorove/antiseptik_dlya_ruk_1907334192?slocation=107620
Медицинская ткань для масок и не только,31 марта 20:10,https://www.avito.ru/moskva/krasota_i_zdorove/meditsinskaya_tkan_dlya_masok_i_ne_tolko_1913230548
Серьги,29 марта 22:56,https://www.avito.ru/moskva/chasy_i_ukrasheniya/sergi_1881107509?slocation=107620
Водитель ежедневные выплаты,31 марта 20:10,https://www.avito.ru/moskva/vakansii/voditel_ezhednevnye_vyplaty_1890363678

Ткань для медицинских масок белая. спанбонд смс,31 марта 19:46,https://www.avito.ru/moskva/oborudovanie_dlya_biznesa/tkan_dlya_meditsinskih_masok_belaya._spanbond_sms_1902163265
"Аэрозольный Антисептик ""qleu""",29 марта 21:22,https://www.avito.ru/moskva/remont_i_stroitelstvo/aerozolnyy_antiseptik_qleu_1915108062
Медицинская ткань для масок,31 марта 19:34,https://www.avito.ru/vidnoe/mebel_i_interer/meditsinskaya_tkan_dlya_masok_1913562786?slocation=107620
"Антисептик лосьон-спрей для рук ""кит""",29 марта 15:29,https://www.avito.ru/moskva/krasota_i_zdorove/antiseptik_loson-sprey_dlya_ruk_kit_1912841278?slocation=107620
Водитель ежедневные выплаты,31 марта 19:29,https://www.avito.ru/moskva/vakansii/voditel_ezhednevnye_vyplaty_1762849221
Ткань для медицинских масок,31 марта 19:25,https://www.avito.ru/moskva/krasota_i_zdorove/tkan_dlya_meditsinskih_masok_1890065842?slocation=107620
Ультразвуковая чистка зубов собакам без наркоза,29 марта 15:27,https://www.avito.ru/moskva/predlozheniya_uslug/ultrazvukovaya_chistka_zubov_sobakam_bez_narkoza_1648319085
Респиратор FFP3 полумаска рпг 67 (рим),31 марта 19:17,https://www.avito.ru/moskva/remont_i_stroitelstvo/respirator_ffp3_polumaska_rpg_67_rim_1894726051?slocation=107620
Резинка для масок,31 марта 19:17,https://www.avito.ru/kotelniki/krasota_i_zdorove/rezinka_dlya_masok_1916261826?slocation=107620
Материал спандбонд для изготовления одноразовых ма,31 марта 19:10,https://www.avito.ru/balashiha/krasota_i_zdorove/material_spandbond_dlya_izgotovleniya_odnorazovyh_ma_1903962755?slocation=107620
Эко ткань для масок медицинских,31 марта 19:07,https://www.avito.ru/moskva_zelenograd/krasota_i_zdorove/eko_tkan_dlya_masok_meditsinskih_1891181995
Компрессорный ингалятор Omron NE-28plus,31 марта 19:00,https://www.avito.ru/moskva/krasota_i_zdorove/kompressornyy_ingalyator_omron_ne-28plus_1892880940?slocation=107620
Сыворотка для проблемной кожи Kniyea Acne removing,29 марта 12:49,https://www.avito.ru/moskva/krasota_i_zdorove/syvorotka_dlya_problemnoy_kozhi_kniyea_acne_removing_1916119927
Ткань для масок,31 марта 18:59,https://www.avito.ru/moskva/krasota_i_zdorove/tkan_dlya_masok_1907516290?slocation=107620
Дезинфектант для обработки от вирусов и бактерий,29 марта 11:14,https://www.avito.ru/moskva/krasota_i_zdorove/dezinfektant_dlya_obrabotki_ot_virusov_i_bakteriy_1898634043?slocation=107620
Дезинфицирующие средства оптом от производителя,28 марта 23:41,https://www.avito.ru/moskva/krasota_i_zdorove/dezinfitsiruyuschie_sredstva_optom_ot_proizvoditelya_1906824102
Антисептик для рук,28 марта 16:37,https://www.avito.ru/moskva/krasota_i_zdorove/antiseptik_dlya_ruk_1898912062?slocation=107620
Асептоль - гель для бережной гигиенической обрабо,28 марта 16:09,https://www.avito.ru/moskva/krasota_i_zdorove/aseptol_-_gel_dlya_berezhnoy_gigienicheskoy_obrabo_1903642526?slocation=107620
Антисептик для рук 5л. Санитайзер +,31 марта 15:23,https://www.avito.ru/moskva/krasota_i_zdorove/antiseptik_dlya_ruk_5l._sanitayzer_1893205844
Водитель ежедневные выплаты,31 марта 20:10,https://www.avito.ru/moskva/vakansii/voditel_ezhednevnye_vyplaty_1890363678
Водитель ежедневные выплаты,31 марта 19:29,https://www.avito.ru/moskva/vakansii/voditel_ezhednevnye_vyplaty_1762849221
Маска защитная для глаз,31 марта 17:04,https://www.avito.ru/lyubertsy/odezhda_obuv_aksessuary/maska_zaschitnaya_dlya_glaz_1896936881?slocation=107620
Ткань для масок,31 марта 18:39,https://www.avito.ru/moskva/krasota_i_zdorove/tkan_dlya_masok_1889512304?slocation=107620
Спандбонд,31 марта 18:38,https://www.avito.ru/kotelniki/krasota_i_zdorove/spandbond_1916295473?slocation=107620
Материал для пошива,31 марта 18:30,https://www.avito.ru/moskva/krasota_i_zdorove/material_dlya_poshiva_1914850345?slocation=107620
Ткань для масок медицинских,31 марта 18:28,https://www.avito.ru/moskva/krasota_i_zdorove/tkan_dlya_masok_meditsinskih_1887318827?slocation=107620
Резинка для медицинских масок,31 марта 18:16,https://www.avito.ru/moskva/krasota_i_zdorove/rezinka_dlya_meditsinskih_masok_1899625408?slocation=107620
Ткань для медицинских масок,31 марта 18:08,https://www.avito.ru/moskva/krasota_i_zdorove/tkan_dlya_meditsinskih_masok_1889629441?slocation=107620
Ингалятор AND UN-231,31 марта 18:03,https://www.avito.ru/moskva/krasota_i_zdorove/ingalyator_and_un-231_1829824855?slocation=107620
Антисептик гель,31 марта 09:51,https://www.avito.ru/moskva/krasota_i_zdorove/antiseptik_gel_1909337318?slocation=107620
Ткань для медицинских трёхслойных масок,31 марта 17:58,https://www.avito.ru/moskva/krasota_i_zdorove/tkan_dlya_meditsinskih_trehsloynyh_masok_1913093529
Методические пособия по уходу за лицом и телом,31 марта 17:56,https://www.avito.ru/moskva/knigi_i_zhurnaly/metodicheskie_posobiya_po_uhodu_za_litsom_i_telom_1890309870?slocation=107620
Материал для производства 3-х слойных масок,31 марта 17:53,https://www.avito.ru/moskva/krasota_i_zdorove/material_dlya_proizvodstva_3-h_sloynyh_masok_1916622416
Гидрогелевые патчи с золотом и маточным молочком,31 марта 17:36,https://www.avito.ru/moskva/krasota_i_zdorove/gidrogelevye_patchi_s_zolotom_i_matochnym_molochkom_1627009777
Резинка,31 марта 17:27,https://www.avito.ru/moskva/mebel_i_interer/rezinka_1902234947
Маска кожанная,31 марта 17:14,https://www.avito.ru/moskva/odezhda_obuv_aksessuary/maska_kozhannaya_1889468583?slocation=107620
Резинка для медицинских масок,31 марта 17:13,https://www.avito.ru/noginsk/oborudovanie_dlya_biznesa/rezinka_dlya_meditsinskih_masok_1894416132
Ткань для медицинских масок,31 марта 16:55,https://www.avito.ru/moskva/krasota_i_zdorove/tkan_dlya_meditsinskih_masok_1911174708?slocation=107620
Перчатки медицинские(нитриловые),31 марта 16:53,https://www.avito.ru/moskva/krasota_i_zdorove/perchatki_meditsinskienitrilovye_1889000410
Ткань для медицинских масок,31 марта 16:49,https://www.avito.ru/moskva/krasota_i_zdorove/tkan_dlya_meditsinskih_masok_1901607288?slocation=107620
Станок под изготовление масок,31 марта 16:48,https://www.avito.ru/moskva/oborudovanie_dlya_biznesa/stanok_pod_izgotovlenie_masok_1888410619
Спанбонд сс,31 марта 16:44,https://www.avito.ru/moskva/remont_i_stroitelstvo/spanbond_ss_1887065202
"Мелтблаун,Спанбонд, смс",31 марта 16:43,https://www.avito.ru/moskovskaya_oblast_moskovskiy/remont_i_stroitelstvo/meltblaunspanbond_sms_1910493054
Медицинский,31 марта 16:41,https://www.avito.ru/moskva/predlozheniya_uslug/meditsinskiy_1860750283
Ингалятор компрессорный,31 марта 16:41,https://www.avito.ru/moskovskaya_oblast_krasnogorsk/krasota_i_zdorove/ingalyator_kompressornyy_1855973761?slocation=107620
Оборудование для производства медицинских масок,31 марта 16:39,https://www.avito.ru/moskovskaya_oblast_moskovskiy/oborudovanie_dlya_biznesa/oborudovanie_dlya_proizvodstva_meditsinskih_masok_1910907770
Ингалятор AND 232 детский,31 марта 16:29,https://www.avito.ru/moskva/krasota_i_zdorove/ingalyator_and_232_detskiy_1875945974
Тиурам.Средство от тараканов N1,31 марта 16:22,https://www.avito.ru/moskva/posuda_i_tovary_dlya_kuhni/tiuram.sredstvo_ot_tarakanov_n1_1774712488?slocation=107620
Доставка еды на дом,31 марта 16:11,https://www.avito.ru/gorki-10/predlozheniya_uslug/dostavka_edy_na_dom_1902559343
Ткань для изготовления медицинских масок и другое,31 марта 15:56,https://www.avito.ru/moskva/krasota_i_zdorove/tkan_dlya_izgotovleniya_meditsinskih_masok_i_drugoe_1910483055?slocation=107620
Спанбонд,31 марта 15:52,https://www.avito.ru/moskva/krasota_i_zdorove/spanbond_1892319749?slocation=107620
Кислородная подушка,31 марта 15:47,https://www.avito.ru/moskva/krasota_i_zdorove/kislorodnaya_podushka_1876267502
Резинка для масок,31 марта 15:38,https://www.avito.ru/moskva/krasota_i_zdorove/rezinka_dlya_masok_1906381408
"Резинки, веревки для масок медицинских",31 марта 15:31,https://www.avito.ru/moskva/krasota_i_zdorove/rezinki_verevki_dlya_masok_meditsinskih_1891346790
Блокатор вирусов Nano Clo2,31 марта 15:31,https://www.avito.ru/moskva/krasota_i_zdorove/blokator_virusov_nano_clo2_1912649074
Ткань для многоразовых медецинских масок (х/б),31 марта 15:29,https://www.avito.ru/moskva/krasota_i_zdorove/tkan_dlya_mnogorazovyh_medetsinskih_masok_hb_1913616619
Экран для предохранения глаз,31 марта 15:20,https://www.avito.ru/moskva/krasota_i_zdorove/ekran_dlya_predohraneniya_glaz_1913538136?slocation=107620
Ткань для медицинских масок,31 марта 15:03,https://www.avito.ru/moskva/krasota_i_zdorove/tkan_dlya_meditsinskih_masok_1911737279?slocation=107620
Маска пэт для предохранения глаз персонала,31 марта 15:00,https://www.avito.ru/moskva/krasota_i_zdorove/maska_pet_dlya_predohraneniya_glaz_personala_1913008655?slocation=107620
Линия (станки) по производству медицинских масок,31 марта 14:54,https://www.avito.ru/moskva/oborudovanie_dlya_biznesa/liniya_stanki_po_proizvodstvu_meditsinskih_masok_1905973153
Ткань для пошива масок 4х слойная,31 марта 14:53,https://www.avito.ru/moskva/krasota_i_zdorove/tkan_dlya_poshiva_masok_4h_sloynaya_1902721290
Материал для масок,31 марта 14:49,https://www.avito.ru/ramenskoe/krasota_i_zdorove/material_dlya_masok_1907524719?slocation=107620
Линия (станок) для производства медицинских масок,31 марта 14:49,https://www.avito.ru/moskva/oborudovanie_dlya_biznesa/liniya_stanok_dlya_proizvodstva_meditsinskih_masok_1896551979
Материал для масок и средства защиты,31 марта 14:40,https://www.avito.ru/moskva/krasota_i_zdorove/material_dlya_masok_i_sredstva_zaschity_1912842118?slocation=107620
Ткань для пошива мед. масок,31 марта 14:38,https://www.avito.ru/moskva/krasota_i_zdorove/tkan_dlya_poshiva_med._masok_1913202372?slocation=107620
Ткань для мед.масок,31 марта 14:33,https://www.avito.ru/moskva/krasota_i_zdorove/tkan_dlya_med.masok_1889940667?slocation=107620
Ткань для изготовления медицинских масок,31 марта 14:22,https://www.avito.ru/moskva/krasota_i_zdorove/tkan_dlya_izgotovleniya_meditsinskih_masok_1912418567?slocation=107620
"Шугаринг, Чистки лица, Пилинги, Омоложение",31 марта 14:19,https://www.avito.ru/moskva/predlozheniya_uslug/shugaring_chistki_litsa_pilingi_omolozhenie_986672389
Ткань для Медецинских масок,31 марта 14:17,https://www.avito.ru/moskva/krasota_i_zdorove/tkan_dlya_medetsinskih_masok_1904991998?slocation=107620
Huawei band 4,31 марта 14:13,https://www.avito.ru/moskva/chasy_i_ukrasheniya/huawei_band_4_1881112718?slocation=107620
Респиратор Маска рим 67 с фильтром марки A1B1E1K1,31 марта 14:10,https://www.avito.ru/moskva/krasota_i_zdorove/respirator_maska_rim_67_s_filtrom_marki_a1b1e1k1_1893699339
"Сертификаты/декларации соответствия тр тс, гост Р",31 марта 14:10,https://www.avito.ru/moskva/predlozheniya_uslug/sertifikatydeklaratsii_sootvetstviya_tr_ts_gost_r_1870781607
Тиурам.Средство от тараканов N1,31 марта 16:22,https://www.avito.ru/moskva/posuda_i_tovary_dlya_kuhni/tiuram.sredstvo_ot_tarakanov_n1_1774712488?slocation=107620
Блокатор вирусов Nano Clo2,31 марта 15:31,https://www.avito.ru/moskva/krasota_i_zdorove/blokator_virusov_nano_clo2_1912649074
Линия (станок) для производства медицинских масок,31 марта 14:49,https://www.avito.ru/moskva/oborudovanie_dlya_biznesa/liniya_stanok_dlya_proizvodstva_meditsinskih_masok_1896551979
Смс материал для производства медицинских масок,31 марта 14:00,https://www.avito.ru/podolsk/krasota_i_zdorove/sms_material_dlya_proizvodstva_meditsinskih_masok_1893814781?slocation=107620
Резинка для производства медицинских масок,31 марта 13:49,https://www.avito.ru/moskva/krasota_i_zdorove/rezinka_dlya_proizvodstva_meditsinskih_masok_1887708453?slocation=107620
"Линия по производству медицинских масок, Китай",31 марта 13:47,https://www.avito.ru/moskva/oborudovanie_dlya_biznesa/liniya_po_proizvodstvu_meditsinskih_masok_kitay_1912982149
Медицинская ткань для масок,31 марта 13:45,https://www.avito.ru/schelkovo/oborudovanie_dlya_biznesa/meditsinskaya_tkan_dlya_masok_1894722075
"Материал для медицинских масок Смс,Спандбонд",31 марта 13:33,https://www.avito.ru/podolsk/oborudovanie_dlya_biznesa/material_dlya_meditsinskih_masok_smsspandbond_1893612631
Кислородный баллончик kislorod K16L,31 марта 13:32,https://www.avito.ru/moskva/krasota_i_zdorove/kislorodnyy_ballonchik_kislorod_k16l_1899107198
Линия по производству медицинских масок,31 марта 13:25,https://www.avito.ru/moskva/oborudovanie_dlya_biznesa/liniya_po_proizvodstvu_meditsinskih_masok_1906187813
Кислородный баллончик kislorod K12л,31 марта 13:15,https://www.avito.ru/moskva/krasota_i_zdorove/kislorodnyy_ballonchik_kislorod_k12l_1899167998
Резинка для масок,31 марта 13:03,https://www.avito.ru/moskva/krasota_i_zdorove/rezinka_dlya_masok_1892433331?slocation=107620
Перчатки mediok упаковки,31 марта 12:50,https://www.avito.ru/moskva/krasota_i_zdorove/perchatki_mediok_upakovki_1904898433?slocation=107620
Медицинская ткань для масок 3 слоя,31 марта 12:45,https://www.avito.ru/moskva/krasota_i_zdorove/meditsinskaya_tkan_dlya_masok_3_sloya_1895560710?slocation=107620
Медицинская ткань для производства медицинских мас,31 марта 12:39,https://www.avito.ru/moskva/krasota_i_zdorove/meditsinskaya_tkan_dlya_proizvodstva_meditsinskih_mas_1912588209?slocation=107620
Спанбонд,31 марта 12:30,https://www.avito.ru/bronnitsy/oborudovanie_dlya_biznesa/spanbond_1888837187
Спанбонд,31 марта 11:48,https://www.avito.ru/bronnitsy/oborudovanie_dlya_biznesa/spanbond_1909740863
Новый сипап аппарат BMC RESmart G2 с увлажнителем,31 марта 11:34,https://www.avito.ru/moskva/krasota_i_zdorove/novyy_sipap_apparat_bmc_resmart_g2_s_uvlazhnitelem_1830476531?slocation=107620
Проволка в пвх для масок,31 марта 11:30,https://www.avito.ru/fryazino/remont_i_stroitelstvo/provolka_v_pvh_dlya_masok_1900122765
Ткань для медицинских масок 135,31 марта 11:28,https://www.avito.ru/moskva/krasota_i_zdorove/tkan_dlya_meditsinskih_masok_135_1902475541
"Резинка для медицинских масок 3,5мм",31 марта 11:23,https://www.avito.ru/moskva/krasota_i_zdorove/rezinka_dlya_meditsinskih_masok_35mm_1894086568?slocation=107620
Ткань для медицинских масок (Спанбонд сс),31 марта 11:12,https://www.avito.ru/moskva/krasota_i_zdorove/tkan_dlya_meditsinskih_masok_spanbond_ss_1887092354?slocation=107620
Сертификаты и декларации соответствия,31 марта 11:07,https://www.avito.ru/moskva/oborudovanie_dlya_biznesa/sertifikaty_i_deklaratsii_sootvetstviya_1870363093
Ткань для масок смс,31 марта 10:57,https://www.avito.ru/moskva/krasota_i_zdorove/tkan_dlya_masok_sms_1902642127
Брелок- дистансер,31 марта 10:43,https://www.avito.ru/kotelniki/krasota_i_zdorove/brelok-_distanser_1906346179?slocation=107620
Линия по производству медицинских масок,31 марта 10:28,https://www.avito.ru/moskva/oborudovanie_dlya_biznesa/liniya_po_proizvodstvu_meditsinskih_masok_1886073802
Щенки французского бульдога : голубые и крем.Видео,31 марта 10:28,https://www.avito.ru/moskva/sobaki/schenki_frantsuzskogo_buldoga_golubye_i_krem.video_1872638344
Бетонная маска,31 марта 10:23,https://www.avito.ru/moskva/odezhda_obuv_aksessuary/betonnaya_maska_1906108476?slocation=107620
Sms в наличии от 12до 60плотности,31 марта 09:57,https://www.avito.ru/moskva/krasota_i_zdorove/sms_v_nalichii_ot_12do_60plotnosti_1911108169?slocation=107620
Резинки для медицинских масок,31 марта 09:32,https://www.avito.ru/moskva/krasota_i_zdorove/rezinki_dlya_meditsinskih_masok_1894911937
Ремонт стиральных машин. Частный мастер,31 марта 09:28,https://www.avito.ru/moskva/predlozheniya_uslug/remont_stiralnyh_mashin._chastnyy_master_1809690832
Ткань для медицинских масок,31 марта 09:28,https://www.avito.ru/moskva/krasota_i_zdorove/tkan_dlya_meditsinskih_masok_1890458087?slocation=107620
Респиратор рпг-67,31 марта 09:06,https://www.avito.ru/moskva/remont_i_stroitelstvo/respirator_rpg-67_1910452006
Водитель такси. Аренда без залога и депозита,31 марта 08:57,https://www.avito.ru/moskva/vakansii/voditel_taksi._arenda_bez_zaloga_i_depozita_1861934921
"Трезвый водитель, водитель выходного дня, водитель",31 марта 07:37,https://www.avito.ru/moskva/predlozheniya_uslug/trezvyy_voditel_voditel_vyhodnogo_dnya_voditel_1912192528
Блокатор вирусов.Япония,31 марта 02:37,https://www.avito.ru/moskva/krasota_i_zdorove/blokator_virusov.yaponiya_1887616163?slocation=107620
"Ткань Спанбонд смс, 25мг",31 марта 02:20,https://www.avito.ru/moskva/krasota_i_zdorove/tkan_spanbond_sms_25mg_1898429759?slocation=107620
Резинка для медицинских масок 10мм,31 марта 02:06,https://www.avito.ru/moskva/krasota_i_zdorove/rezinka_dlya_meditsinskih_masok_10mm_1890007716
Сммс материал для производства медицинских масок,31 марта 01:56,https://www.avito.ru/moskva/krasota_i_zdorove/smms_material_dlya_proizvodstva_meditsinskih_masok_1913036896?slocation=107620
Ткань для медецинских масок,31 марта 01:24,https://www.avito.ru/moskva/krasota_i_zdorove/tkan_dlya_medetsinskih_masok_1913383689
Ткань для медицинских масок,31 марта 01:21,https://www.avito.ru/moskva/krasota_i_zdorove/tkan_dlya_meditsinskih_masok_1909960818?slocation=107620
Аппарат для дыхательной терапии bipap - BMC resmar,31 марта 01:12,https://www.avito.ru/moskva/krasota_i_zdorove/apparat_dlya_dyhatelnoy_terapii_bipap_-_bmc_resmar_1858620814
Компрессорный Ингалятор AND CN-231,31 марта 00:16,https://www.avito.ru/moskva/krasota_i_zdorove/kompressornyy_ingalyator_and_cn-231_1854699212?slocation=107620
Косметолог - эстетист,30 марта 23:50,https://www.avito.ru/kommunarka/vakansii/kosmetolog_-_estetist_1876525150
Ткань для изготовления медицинских масок,30 марта 23:22,https://www.avito.ru/moskva/krasota_i_zdorove/tkan_dlya_izgotovleniya_meditsinskih_masok_1908723246?slocation=107620
Спанбонд для масок,30 марта 22:34,https://www.avito.ru/domodedovo/krasota_i_zdorove/spanbond_dlya_masok_1889616750
Автомобильный видеоренистратор,30 марта 21:57,https://www.avito.ru/pavlovskiy_posad/zapchasti_i_aksessuary/avtomobilnyy_videorenistrator_1880398239?slocation=107620
Нитка-резинка в бобинах для медицинских масок,30 марта 21:31,https://www.avito.ru/moskva/krasota_i_zdorove/nitka-rezinka_v_bobinah_dlya_meditsinskih_masok_809276904?slocation=107620
Порошок травяной «Брами» Brahmi powder Bliss S,30 марта 21:27,https://www.avito.ru/moskva/krasota_i_zdorove/poroshok_travyanoy_brami_brahmi_powder_bliss_s_1837575578
Сок Алоэ Вера с мякотью Sangam 500мл,30 марта 21:17,https://www.avito.ru/moskva/produkty_pitaniya/sok_aloe_vera_s_myakotyu_sangam_500ml_1837804197
Водитель такси на ежедневные выплаты,30 марта 21:09,https://www.avito.ru/moskva/vakansii/voditel_taksi_na_ezhednevnye_vyplaty_1890363570
Ткань медицинская для масок,30 марта 21:02,https://www.avito.ru/moskva/krasota_i_zdorove/tkan_meditsinskaya_dlya_masok_1886875878?slocation=107620
Ткани для защитных масок и др,30 марта 20:34,https://www.avito.ru/moskva/krasota_i_zdorove/tkani_dlya_zaschitnyh_masok_i_dr_1911631670?slocation=107620
Светильники 6 ватт Ферон,30 марта 08:37,https://www.avito.ru/elektrostal/mebel_i_interer/svetilniki_6_vatt_feron_863307915
Feron sen11 датчик движения,30 марта 08:35,https://www.avito.ru/orehovo-zuevo/bytovaya_tehnika/feron_sen11_datchik_dvizheniya_1824177954?slocation=107620
Ткань для Медецинских масок,31 марта 14:17,https://www.avito.ru/moskva/krasota_i_zdorove/tkan_dlya_medetsinskih_masok_1904991998?slocation=107620
"Сертификаты/декларации соответствия тр тс, гост Р",31 марта 14:10,https://www.avito.ru/moskva/predlozheniya_uslug/sertifikatydeklaratsii_sootvetstviya_tr_ts_gost_r_1870781607
Резинка для производства медицинских масок,31 марта 13:49,https://www.avito.ru/moskva/krasota_i_zdorove/rezinka_dlya_proizvodstva_meditsinskih_masok_1887708453?slocation=107620
Швейное производство мы работаем,30 марта 20:14,https://www.avito.ru/moskva/predlozheniya_uslug/shveynoe_proizvodstvo_my_rabotaem_1888894362
"Ткань для пошива масок, изделий",30 марта 20:05,https://www.avito.ru/balashiha/krasota_i_zdorove/tkan_dlya_poshiva_masok_izdeliy_1902189438?slocation=107620
Персональный водитель на карантин,30 марта 19:46,https://www.avito.ru/moskva/predlozheniya_uslug/personalnyy_voditel_na_karantin_1900712874
Сммс -Спанбонд-Мельтблаун-Мельтблаун-Спанбонд,30 марта 19:40,https://www.avito.ru/moskva/oborudovanie_dlya_biznesa/smms_-spanbond-meltblaun-meltblaun-spanbond_1899988877
Ткань для медицинских масок,30 марта 19:25,https://www.avito.ru/moskva/krasota_i_zdorove/tkan_dlya_meditsinskih_masok_1900490348?slocation=107620
Станок для производства медицинских масок,30 марта 19:10,https://www.avito.ru/moskva/oborudovanie_dlya_biznesa/stanok_dlya_proizvodstva_meditsinskih_masok_1911655844
Материал рулон для медицинских масок \ в наличии,30 марта 18:49,https://www.avito.ru/moskva/krasota_i_zdorove/material_rulon_dlya_meditsinskih_masok_v_nalichii_1914395827?slocation=107620
"Нетканный материал для масок, смс, спанбонд",30 марта 18:49,https://www.avito.ru/moskva/krasota_i_zdorove/netkannyy_material_dlya_masok_sms_spanbond_1910548971?slocation=107620
Ткань для медицинских трёхслойных масок,30 марта 18:38,https://www.avito.ru/moskva/krasota_i_zdorove/tkan_dlya_meditsinskih_trehsloynyh_masok_1910504799
Ткань для масок,30 марта 18:17,https://www.avito.ru/moskva/krasota_i_zdorove/tkan_dlya_masok_1902992993?slocation=107620
Ткань для медицинских масок,30 марта 18:12,https://www.avito.ru/moskva/krasota_i_zdorove/tkan_dlya_meditsinskih_masok_1909079507?slocation=107620
Облучатель-рециркулятор бактерицидный опт/розница,30 марта 17:54,https://www.avito.ru/moskva/krasota_i_zdorove/obluchatel-retsirkulyator_bakteritsidnyy_optroznitsa_1906771182?slocation=107620
Резинки для медицинских масок,30 марта 17:47,https://www.avito.ru/moskva/krasota_i_zdorove/rezinki_dlya_meditsinskih_masok_1910161552?slocation=107620
Ткань для медицинских масок,30 марта 17:25,https://www.avito.ru/moskva/krasota_i_zdorove/tkan_dlya_meditsinskih_masok_1911703438?slocation=107620
Шугаринг/Чистка лица/Ламинирование ресниц,30 марта 17:18,https://www.avito.ru/moskva/predlozheniya_uslug/shugaringchistka_litsalaminirovanie_resnits_1849258874
Сипап,30 марта 16:48,https://www.avito.ru/moskva/krasota_i_zdorove/sipap_1833725680?slocation=107620
Ткань для медицинских масок,30 марта 16:47,https://www.avito.ru/moskva/krasota_i_zdorove/tkan_dlya_meditsinskih_masok_1906972140?slocation=107620
Простыни SMS,30 марта 16:44,https://www.avito.ru/moskva/krasota_i_zdorove/prostyni_sms_1912187709?slocation=107620
Шкаф пенал ванную для медицинских масок к примеру,30 марта 16:44,https://www.avito.ru/moskva/mebel_i_interer/shkaf_penal_vannuyu_dlya_meditsinskih_masok_k_primeru_1899271317
Резинка круглая для масок,30 марта 16:02,https://www.avito.ru/moskva/krasota_i_zdorove/rezinka_kruglaya_dlya_masok_1892510486?slocation=107620
Курьер по наро-фоминску,30 марта 15:30,https://www.avito.ru/naro-fominsk/predlozheniya_uslug/kurer_po_naro-fominsku_1908296713
Ночная маска бандаж для овала лица новая,30 марта 15:22,https://www.avito.ru/moskva/krasota_i_zdorove/nochnaya_maska_bandazh_dlya_ovala_litsa_novaya_1774343489?slocation=107620
Доставка свежих продуктов,30 марта 15:10,https://www.avito.ru/odintsovo/predlozheniya_uslug/dostavka_svezhih_produktov_1887392837
Пластик для производства медицинских масок,30 марта 14:50,https://www.avito.ru/moskva/krasota_i_zdorove/plastik_dlya_proizvodstva_meditsinskih_masok_1887546825?slocation=107620
Водитель,30 марта 14:31,https://www.avito.ru/moskva/predlozheniya_uslug/voditel_1913968322
Упаковщица/к вахта в Москве с проживанием,30 марта 14:08,https://www.avito.ru/moskva/vakansii/upakovschitsak_vahta_v_moskve_s_prozhivaniem_1836050380
Ингалятор Hiko therm,30 марта 13:54,https://www.avito.ru/moskovskaya_oblast_krasnogorsk/krasota_i_zdorove/ingalyator_hiko_therm_1896996770?slocation=107620
"Спанбонд, текстиль (ткань для медицинских масок)",30 марта 13:46,https://www.avito.ru/moskva/mebel_i_interer/spanbond_tekstil_tkan_dlya_meditsinskih_masok_1917776368?slocation=107620
Сайта для медицинских масок + Реклама,30 марта 13:14,https://www.avito.ru/moskva/predlozheniya_uslug/sayta_dlya_meditsinskih_masok_reklama_1888468571
Ткань для медицинских масок,30 марта 13:13,https://www.avito.ru/moskva/krasota_i_zdorove/tkan_dlya_meditsinskih_masok_1913244235?slocation=107620
Дыхательная система «HeliOx Ease»,30 марта 12:59,https://www.avito.ru/moskva/oborudovanie_dlya_biznesa/dyhatelnaya_sistema_heliox_ease_1909669804
Защитные экраны маски для лица,30 марта 12:50,https://www.avito.ru/moskva/krasota_i_zdorove/zaschitnye_ekrany_maski_dlya_litsa_1893181621
Разработка сайтов масок и повязок,30 марта 12:37,https://www.avito.ru/moskva/predlozheniya_uslug/razrabotka_saytov_masok_i_povyazok_1887993625
"Услуги косметолога-эстетиста Выхино, Алексеевская",30 марта 12:16,https://www.avito.ru/moskva/predlozheniya_uslug/uslugi_kosmetologa-estetista_vyhino_alekseevskaya_1505512712
Спанбонд,30 марта 12:06,https://www.avito.ru/moskva/oborudovanie_dlya_biznesa/spanbond_1900860064
Сауна д/лица + ингалятор 2 в 1 Vitek,30 марта 11:52,https://www.avito.ru/scherbinka/krasota_i_zdorove/sauna_dlitsa_ingalyator_2_v_1_vitek_977993248
Маска рото-носовая BMC iVolve F1-A,30 марта 11:37,https://www.avito.ru/moskva/krasota_i_zdorove/maska_roto-nosovaya_bmc_ivolve_f1-a_1890822478
Хирургическая простыня (ткань для шитья масок),30 марта 11:27,https://www.avito.ru/moskva/krasota_i_zdorove/hirurgicheskaya_prostynya_tkan_dlya_shitya_masok_1886958621?slocation=107620
Сипап аппарат BMC RES mart,30 марта 11:22,https://www.avito.ru/moskva/krasota_i_zdorove/sipap_apparat_bmc_res_mart_1879128749?slocation=107620
Перчатки медицинские,30 марта 11:13,https://www.avito.ru/moskva/krasota_i_zdorove/perchatki_meditsinskie_1909588748?slocation=107620
Ткань для пошива защитных масок,30 марта 09:55,https://www.avito.ru/moskva/krasota_i_zdorove/tkan_dlya_poshiva_zaschitnyh_masok_1912362256
Медицинская ткань для масок,30 марта 09:47,https://www.avito.ru/pushkino/krasota_i_zdorove/meditsinskaya_tkan_dlya_masok_1891356156?slocation=107620
Линия для производства медицинских масок ST2020Adu,30 марта 09:05,https://www.avito.ru/moskva/oborudovanie_dlya_biznesa/liniya_dlya_proizvodstva_meditsinskih_masok_st2020adu_1915308521
Разработка сайта для продажи медицинских масок,29 марта 23:25,https://www.avito.ru/moskva/predlozheniya_uslug/razrabotka_sayta_dlya_prodazhi_meditsinskih_masok_1893624055
Ткань для медицинских масок,29 марта 23:03,https://www.avito.ru/moskva/krasota_i_zdorove/tkan_dlya_meditsinskih_masok_1915068295
Резинки для мaсoк,29 марта 22:33,https://www.avito.ru/moskovskaya_oblast_troitsk/krasota_i_zdorove/rezinki_dlya_masok_1903270655
Рото носовая маска,29 марта 22:05,https://www.avito.ru/moskva/krasota_i_zdorove/roto_nosovaya_maska_1910451303
Многофункциональный Профессиональный антисептик,29 марта 19:10,https://www.avito.ru/moskva/krasota_i_zdorove/mnogofunktsionalnyy_professionalnyy_antiseptik_1897932512?slocation=107620
Ткань для медицинских масок,29 марта 18:37,https://www.avito.ru/moskovskaya_oblast_krasnogorsk/krasota_i_zdorove/tkan_dlya_meditsinskih_masok_1899239888?slocation=107620
Светодиодная маска для омоложения кожи лица m 1090,29 марта 18:26,https://www.avito.ru/moskva/krasota_i_zdorove/svetodiodnaya_maska_dlya_omolozheniya_kozhi_litsa_m_1090_1867520926?slocation=107620
"Линия по производству медицинских масок, Китай",31 марта 13:47,https://www.avito.ru/moskva/oborudovanie_dlya_biznesa/liniya_po_proizvodstvu_meditsinskih_masok_kitay_1912982149
Медицинская ткань для масок,31 марта 13:45,https://www.avito.ru/schelkovo/oborudovanie_dlya_biznesa/meditsinskaya_tkan_dlya_masok_1894722075
Спанбонд,31 марта 11:48,https://www.avito.ru/bronnitsy/oborudovanie_dlya_biznesa/spanbond_1909740863
Ткань для медицинских масок,29 марта 18:21,https://www.avito.ru/moskva/krasota_i_zdorove/tkan_dlya_meditsinskih_masok_1889067041
Маска послеоперационная,29 марта 18:07,https://www.avito.ru/moskva/krasota_i_zdorove/maska_posleoperatsionnaya_1859321521?slocation=107620
Ткань для одноразовых защитных масок,29 марта 17:57,https://www.avito.ru/moskva/krasota_i_zdorove/tkan_dlya_odnorazovyh_zaschitnyh_masok_1905224766?slocation=107620
Louis Vuitton мужская,29 марта 17:44,https://www.avito.ru/moskva/odezhda_obuv_aksessuary/louis_vuitton_muzhskaya_1903638144?slocation=107620
Комплект для ингалятора#5,29 марта 17:43,https://www.avito.ru/moskva/krasota_i_zdorove/komplekt_dlya_ingalyatora5_1871215974?slocation=107620
Ткань для медицинских масок,29 марта 17:34,https://www.avito.ru/moskva/krasota_i_zdorove/tkan_dlya_meditsinskih_masok_1908968145?slocation=107620
"Промокод Яндекс Драйв, скидка 50 проц.: ref7Zq8t1",29 марта 16:47,https://www.avito.ru/moskva/bilety_i_puteshestviya/promokod_yandeks_drayv_skidka_50_prots._ref7zq8t1_1912141964
Сайт для медицинских масок + Реклама,29 марта 16:44,https://www.avito.ru/moskva/predlozheniya_uslug/sayt_dlya_meditsinskih_masok_reklama_1903647902
"Создание лендинга, продающего сайта, реклама",29 марта 16:09,https://www.avito.ru/moskva/predlozheniya_uslug/sozdanie_lendinga_prodayuschego_sayta_reklama_1892081127
Ткань смс,29 марта 16:02,https://www.avito.ru/moskva/oborudovanie_dlya_biznesa/tkan_sms_1894933409
"Доставка продуктов в г. Одинцово, Звенигород",29 марта 15:44,https://www.avito.ru/odintsovo/predlozheniya_uslug/dostavka_produktov_v_g._odintsovo_zvenigorod_1891324586
Ингалятор,29 марта 15:15,https://www.avito.ru/moskva/krasota_i_zdorove/ingalyator_1899210506?slocation=107620
Небулайзер Ладога неб,29 марта 15:11,https://www.avito.ru/moskva/krasota_i_zdorove/nebulayzer_ladoga_neb_1853329683?slocation=107620
Резинки для медицинских масок,29 марта 15:11,https://www.avito.ru/moskva/krasota_i_zdorove/rezinki_dlya_meditsinskih_masok_1911259379?slocation=107620
Небулайзер детский паровозик WN-115 K,29 марта 15:04,https://www.avito.ru/moskva/krasota_i_zdorove/nebulayzer_detskiy_parovozik_wn-115_k_1910210913?slocation=107620
Бесконтактный градусник,29 марта 14:51,https://www.avito.ru/moskva/bytovaya_tehnika/beskontaktnyy_gradusnik_1900738046?slocation=107620
"Ремонт холодильников, и стиральных машин",29 марта 14:49,https://www.avito.ru/voskresensk/predlozheniya_uslug/remont_holodilnikov_i_stiralnyh_mashin_1037350426
Ремонт холодильников и стиральных машин,29 марта 14:46,https://www.avito.ru/zhukovskiy/predlozheniya_uslug/remont_holodilnikov_i_stiralnyh_mashin_1183088349
Ремонт холодильников и стиральных машин,29 марта 14:45,https://www.avito.ru/ramenskoe/predlozheniya_uslug/remont_holodilnikov_i_stiralnyh_mashin_925151413
Перчатки одноразовые медицинские,29 марта 13:45,https://www.avito.ru/moskva/krasota_i_zdorove/perchatki_odnorazovye_meditsinskie_1861122494?slocation=107620
Небулайзер,29 марта 13:07,https://www.avito.ru/taldom/krasota_i_zdorove/nebulayzer_1910081891
Маски Антисептики опт и розница. Доход от 90 т.р,29 марта 13:06,https://www.avito.ru/moskva/gotoviy_biznes/maski_antiseptiki_opt_i_roznitsa._dohod_ot_90_t.r_1915697220
"Неопрен, для пошива масок ткань отрез",29 марта 13:03,https://www.avito.ru/moskva/krasota_i_zdorove/neopren_dlya_poshiva_masok_tkan_otrez_1906328512
Ткань для масок,29 марта 12:55,https://www.avito.ru/moskva/krasota_i_zdorove/tkan_dlya_masok_1893468195?slocation=107620
Ингалятор Omron C21 Basic,29 марта 12:45,https://www.avito.ru/moskva/krasota_i_zdorove/ingalyator_omron_c21_basic_1779870844
Ингалятор B.Well WN-118,29 марта 12:41,https://www.avito.ru/moskva/krasota_i_zdorove/ingalyator_b.well_wn-118_1907572063?slocation=107620
Бесконтактный термометр инфракрасный пирометр,29 марта 12:35,https://www.avito.ru/moskva/krasota_i_zdorove/beskontaktnyy_termometr_infrakrasnyy_pirometr_1902724196
"Имбирь,фрукты, овощи",29 марта 12:28,https://www.avito.ru/moskva/produkty_pitaniya/imbirfrukty_ovoschi_1900648193
Блокатор вирусов E.A. mask,29 марта 12:17,https://www.avito.ru/stupino/krasota_i_zdorove/blokator_virusov_e.a._mask_1903298754?slocation=107620
"Детские электронные весы Laica, модель MD6141",29 марта 11:40,https://www.avito.ru/moskva/tovary_dlya_detey_i_igrushki/detskie_elektronnye_vesy_laica_model_md6141_1889048176?slocation=107620
Часы Invicta pro diver 9307 Новые. Редкая модель,29 марта 11:33,https://www.avito.ru/moskva/chasy_i_ukrasheniya/chasy_invicta_pro_diver_9307_novye._redkaya_model_1830991474?slocation=107620
"Резинка для масок и бахил, 2мм",29 марта 11:23,https://www.avito.ru/moskva/odezhda_obuv_aksessuary/rezinka_dlya_masok_i_bahil_2mm_1898698061
Ткань для медицинских марлевых масок,29 марта 11:17,https://www.avito.ru/moskva/krasota_i_zdorove/tkan_dlya_meditsinskih_marlevyh_masok_1898921430?slocation=107620
Косметолог - эстетист с медицинским образованием,29 марта 10:25,https://www.avito.ru/moskva/predlozheniya_uslug/kosmetolog_-_estetist_s_meditsinskim_obrazovaniem_1853711281
Водитель категории Е,29 марта 09:42,https://www.avito.ru/moskva/vakansii/voditel_kategorii_e_900969665
Резинки для медицинских масок,29 марта 09:31,https://www.avito.ru/moskva/krasota_i_zdorove/rezinki_dlya_meditsinskih_masok_1913367187?slocation=107620
Ткань для медицинских масок,29 марта 09:26,https://www.avito.ru/moskva/krasota_i_zdorove/tkan_dlya_meditsinskih_masok_1913715652?slocation=107620
"Ингалятор ""B.Well"" WN-116",29 марта 08:44,https://www.avito.ru/moskva/krasota_i_zdorove/ingalyator_b.well_wn-116_1451636111?slocation=107620
Спанбонд для Производства масок,29 марта 07:58,https://www.avito.ru/moskva/oborudovanie_dlya_biznesa/spanbond_dlya_proizvodstva_masok_1888117108
Репетитор по английскому и испанскому языку,29 марта 07:20,https://www.avito.ru/moskva/predlozheniya_uslug/repetitor_po_angliyskomu_i_ispanskomu_yazyku_1896829702
Станок для производства медицинских масок,29 марта 02:01,https://www.avito.ru/moskva/oborudovanie_dlya_biznesa/stanok_dlya_proizvodstva_meditsinskih_masok_1902916277
Перчатки медицинские,29 марта 01:24,https://www.avito.ru/podolsk/krasota_i_zdorove/perchatki_meditsinskie_1888984926?slocation=107620
Тату набор,29 марта 01:12,https://www.avito.ru/serpuhov/krasota_i_zdorove/tatu_nabor_1902945001
Ткань для изготовления маски,29 марта 00:22,https://www.avito.ru/moskva/krasota_i_zdorove/tkan_dlya_izgotovleniya_maski_1915443780?slocation=107620
Ткань для масок,28 марта 22:58,https://www.avito.ru/moskva/krasota_i_zdorove/tkan_dlya_masok_1902956401?slocation=107620
Ремонт стиральных машин и др. бытовой техники,28 марта 21:33,https://www.avito.ru/moskva/predlozheniya_uslug/remont_stiralnyh_mashin_i_dr._bytovoy_tehniki_1905972678
"Сайт для продвижения медицинских масок, дезинфекци",28 марта 20:11,https://www.avito.ru/moskva/predlozheniya_uslug/sayt_dlya_prodvizheniya_meditsinskih_masok_dezinfektsi_1911120160
Частный мастер Ремонт стиральных машин,28 марта 19:43,https://www.avito.ru/moskva/predlozheniya_uslug/chastnyy_master_remont_stiralnyh_mashin_1896578981
"Распылитель д\ингалятора PRO110,115 новый Без торг",28 марта 19:32,https://www.avito.ru/moskva/krasota_i_zdorove/raspylitel_dingalyatora_pro110115_novyy_bez_torg_1842419512?slocation=107620
Полумаска Elipse,28 марта 18:42,https://www.avito.ru/moskva/remont_i_stroitelstvo/polumaska_elipse_1895692531?slocation=107620
Ткань для медицинских масок 135,31 марта 11:28,https://www.avito.ru/moskva/krasota_i_zdorove/tkan_dlya_meditsinskih_masok_135_1902475541
Ткань для масок смс,31 марта 10:57,https://www.avito.ru/moskva/krasota_i_zdorove/tkan_dlya_masok_sms_1902642127
Щенки французского бульдога : голубые и крем.Видео,31 марта 10:28,https://www.avito.ru/moskva/sobaki/schenki_frantsuzskogo_buldoga_golubye_i_krem.video_1872638344
Ткань четырехслойная для медицинских масок,28 марта 18:38,https://www.avito.ru/moskva/krasota_i_zdorove/tkan_chetyrehsloynaya_dlya_meditsinskih_masok_1888338440
Противогаз гп-5,28 марта 17:21,https://www.avito.ru/moskva/kollektsionirovanie/protivogaz_gp-5_1864470777
Кварцевая лампа для дезинфекции квартиры,28 марта 15:26,https://www.avito.ru/moskva/krasota_i_zdorove/kvartsevaya_lampa_dlya_dezinfektsii_kvartiry_1895912365?slocation=107620
Аренда авто для такси. Новая Киа Рио 2019 + гбо,28 марта 15:26,https://www.avito.ru/moskva/predlozheniya_uslug/arenda_avto_dlya_taksi._novaya_kia_rio_2019_gbo_1915439781
Аренда авто для такси. Новая оптима 2019 + гбо,28 марта 15:25,https://www.avito.ru/moskva/predlozheniya_uslug/arenda_avto_dlya_taksi._novaya_optima_2019_gbo_1915070220
Небулайзер,28 марта 15:20,https://www.avito.ru/moskva/krasota_i_zdorove/nebulayzer_1898106458?slocation=107620
Сменные кассеты для станка,28 марта 15:09,https://www.avito.ru/moskva/krasota_i_zdorove/smennye_kassety_dlya_stanka_1904006152?slocation=107620
Косметология,28 марта 14:32,https://www.avito.ru/moskovskaya_oblast_ivanteevka/predlozheniya_uslug/kosmetologiya_1440827584
Пленка SAMSUNG Galaxy S4 mini,28 марта 14:07,https://www.avito.ru/moskva/telefony/plenka_samsung_galaxy_s4_mini_1904022034?slocation=107620
"Ингалятор, распариватель для лица, паровая сауна",28 марта 14:03,https://www.avito.ru/moskva/krasota_i_zdorove/ingalyator_rasparivatel_dlya_litsa_parovaya_sauna_1841107917
Авт. линия для производства масок медицинских,28 марта 13:37,https://www.avito.ru/moskva/oborudovanie_dlya_biznesa/avt._liniya_dlya_proizvodstva_masok_meditsinskih_1905953023
Ингалятор Компрессорный Little Doctor LD 210 C,28 марта 13:08,https://www.avito.ru/moskva/krasota_i_zdorove/ingalyator_kompressornyy_little_doctor_ld_210_c_1435537069?slocation=107620
Небулайзер Yagen ингалятор ультразвуковой автомат,28 марта 12:29,https://www.avito.ru/moskva/krasota_i_zdorove/nebulayzer_yagen_ingalyator_ultrazvukovoy_avtomat_1898161858?slocation=107620
Спанбонд Оптом,28 марта 12:23,https://www.avito.ru/moskva/oborudovanie_dlya_biznesa/spanbond_optom_1907901805
Уборка квартир,28 марта 12:18,https://www.avito.ru/moskva/predlozheniya_uslug/uborka_kvartir_1915131723
Массажер для глаз Gezatone ISee,28 марта 12:13,https://www.avito.ru/solnechnogorsk/krasota_i_zdorove/massazher_dlya_glaz_gezatone_isee_1344333221?slocation=107620
Ингалятор компрессорный Microlife NEB 50 серебрист,28 марта 12:13,https://www.avito.ru/moskva/krasota_i_zdorove/ingalyator_kompressornyy_microlife_neb_50_serebrist_1870890071?slocation=107620
Станок под изготовление масок,28 марта 11:42,https://www.avito.ru/moskva/oborudovanie_dlya_biznesa/stanok_pod_izgotovlenie_masok_1913355471
Сипап - аппарат RESmart cpap,28 марта 11:17,https://www.avito.ru/moskva/krasota_i_zdorove/sipap_-_apparat_resmart_cpap_1847817121
Ткань для медицинских трёхслойных масок,28 марта 11:13,https://www.avito.ru/balashiha/krasota_i_zdorove/tkan_dlya_meditsinskih_trehsloynyh_masok_1914489575?slocation=107620
Sms в наличии от 12до 60плотности,31 марта 09:57,https://www.avito.ru/moskva/krasota_i_zdorove/sms_v_nalichii_ot_12do_60plotnosti_1911108169?slocation=107620
Ремонт стиральных машин. Частный мастер,31 марта 09:28,https://www.avito.ru/moskva/predlozheniya_uslug/remont_stiralnyh_mashin._chastnyy_master_1809690832
Дыхательная система «HeliOx Ease»,30 марта 12:59,https://www.avito.ru/moskva/oborudovanie_dlya_biznesa/dyhatelnaya_sistema_heliox_ease_1909669804
Блокатор вирусов E.A. mask,29 марта 12:17,https://www.avito.ru/stupino/krasota_i_zdorove/blokator_virusov_e.a._mask_1903298754?slocation=107620
