"2-к квартира, 64 м², 3/5 эт.",1 апреля 07:06,https://www.avito.ru/ekaterinburg/kvartiry/2-k_kvartira_64_m_35_et._1881120941
"1-к квартира, 46 м², 5/14 эт.",31 марта 21:34,https://www.avito.ru/ekaterinburg/kvartiry/1-k_kvartira_46_m_514_et._1210650441
"2-к квартира, 75 м², 7/18 эт.",31 марта 19:45,https://www.avito.ru/ekaterinburg/kvartiry/2-k_kvartira_75_m_718_et._1498377373
Ингалятор,1 апреля 08:56,https://www.avito.ru/kamensk-uralskiy/krasota_i_zdorove/ingalyator_1673041960
Ламинирование бровей,31 марта 16:33,https://www.avito.ru/ekaterinburg/predlozheniya_uslug/laminirovanie_brovey_1893826975
Масло моторное eneson SAE 5W-30,31 марта 16:31,https://www.avito.ru/istok/zapchasti_i_aksessuary/maslo_motornoe_eneson_sae_5w-30_1900775625
Резинка бельевая белая,31 марта 15:57,https://www.avito.ru/ekaterinburg/krasota_i_zdorove/rezinka_belevaya_belaya_1913849936
Мезороллер 3 в 1 (Derma Roller 3 шт 1),31 марта 13:21,https://www.avito.ru/ekaterinburg/oborudovanie_dlya_biznesa/mezoroller_3_v_1_derma_roller_3_sht_1_1722132943
Деохлор,31 марта 09:23,https://www.avito.ru/nizhniy_tagil/krasota_i_zdorove/deohlor_1888117841?slocation=653700
Ткань для защитных масок,31 марта 08:32,https://www.avito.ru/ekaterinburg/krasota_i_zdorove/tkan_dlya_zaschitnyh_masok_1908002154
Сипап аппарат,30 марта 17:26,https://www.avito.ru/ekaterinburg/krasota_i_zdorove/sipap_apparat_1911192397?slocation=653700
"Ремонт стиральных машин, холодильников и т.д",30 марта 12:17,https://www.avito.ru/ekaterinburg/predlozheniya_uslug/remont_stiralnyh_mashin_holodilnikov_i_t.d_1886609731
Универсальный гель С улиткой Доставка,30 марта 11:48,https://www.avito.ru/ekaterinburg/krasota_i_zdorove/universalnyy_gel_s_ulitkoy_dostavka_670763897
Массажер для зоны вокруг глаз,30 марта 09:12,https://www.avito.ru/ekaterinburg/krasota_i_zdorove/massazher_dlya_zony_vokrug_glaz_1887955190
Облучатель уф бактерицидный,29 марта 23:40,https://www.avito.ru/ekaterinburg/krasota_i_zdorove/obluchatel_uf_bakteritsidnyy_1907186791?slocation=653700
Спанбонд 25 Белый,29 марта 17:24,https://www.avito.ru/ekaterinburg/oborudovanie_dlya_biznesa/spanbond_25_belyy_1909035655
Маски Антисептики опт и розница. Доход от 90 т.р,29 марта 13:16,https://www.avito.ru/ekaterinburg/gotoviy_biznes/maski_antiseptiki_opt_i_roznitsa._dohod_ot_90_t.r_1915588300
Материал для производства масок,29 марта 11:21,https://www.avito.ru/ekaterinburg/krasota_i_zdorove/material_dlya_proizvodstva_masok_1888748213?slocation=653700
Косметолог,29 марта 09:44,https://www.avito.ru/verh-neyvinskiy/predlozheniya_uslug/kosmetolog_1831512445
Маска кислородная,28 марта 23:25,https://www.avito.ru/ekaterinburg/krasota_i_zdorove/maska_kislorodnaya_1901454572
Ингалятор ультразвуковой AND UN-231,28 марта 14:21,https://www.avito.ru/novouralsk/krasota_i_zdorove/ingalyator_ultrazvukovoy_and_un-231_1870891668?slocation=653700
Маска ортодонтическая,28 марта 13:58,https://www.avito.ru/nizhniy_tagil/krasota_i_zdorove/maska_ortodonticheskaya_1897136240?slocation=653700
