Антисептический гель Lafitel 70мл,"сегодня, 03:52",https://irr.ru/personal/beauty-health/equipment/antisepticheskiy-gel-lafitel-70ml-advert739037237.html
Антисептические дезинфицирующие жидкости,31 марта,https://irr.ru/personal/beauty-health/equipment/antisepticheskie-dezinficiruyuschie-zhidkosti-advert739870959.html
Антисептическое средство для рук и поверхностей АКТЕРМ Антисепт,30 марта,https://irr.ru/personal/beauty-health/other/antisepticheskoe-sredstvo-dlya-ruk-i-poverhnostey-akterm-antisept-advert739799665.html
"Антисептический гель Lafitel,  50 мл",29 марта,https://irr.ru/personal/beauty-health/medical-care/antisepticheskiy-gel-lafitel-50-ml-advert739627295.html
Антисептический и антимикробные готовый раствор для рук,31 марта,https://irr.ru/home/furniture-interior/cleaning/antisepticheskiy-i-antimikrobnye-gotovyy-rastvor-dlya-ruk-advert739872930.html
Лак акриловый для бань и саун антисептический Неомид sauna 1 л,"сегодня, 07:25",https://irr.ru/home/building/other/lak-akrilovyy-dlya-ban-i-saun-antisepticheskiy-neomid-sauna-1-l-advert711062602.html
Увлажняющий BIO-спрей Biogance Algo Derm с антисептическим эффектом 250 мл,"сегодня, 03:34",https://irr.ru/animals-plants/tovary_dlya_zhivotnyh/other/uvlazhnyayuschiy-bio-sprey-biogance-algo-derm-s-antisepticheskim-effektom-250-ml-advert731532589.html
Маски медицинские,"сегодня, 00:52",https://irr.ru/other/other/maski-medicinskie-advert739012329.html
Медицинские маски ПРОИЗВОДСТВО,"сегодня, 07:10",https://irr.ru/personal/beauty-health/medical-care/medicinskie-maski-proizvodstvo-advert739809898.html
Маски медицинские в наличие,31 марта,https://irr.ru/personal/beauty-health/other/maski-medicinskie-v-nalichie-advert739041131.html
Маски медицинские 3-х слойные в наличии,"сегодня, 00:18",https://irr.ru/personal/beauty-health/other/maski-medicinskie-3-h-sloynye-v-nalichii-advert739041129.html
Медицинская повязка маска,"сегодня, 07:12",https://irr.ru/personal/beauty-health/medical-care/medicinskaya-povyazka-maska-advert739357702.html
Маски медицинские в наличии,"сегодня, 05:55",https://irr.ru/personal/beauty-health/cosmetics/maski-medicinskie-v-nalichii-advert738653096.html
Медицинские защитные маски,31 марта,https://irr.ru/personal/beauty-health/medical-care/medicinskie-zaschitnye-maski-advert739873768.html
Медицинская маска одноразовая,"сегодня, 06:50",https://irr.ru/personal/beauty-health/medical-care/medicinskaya-maska-odnorazovaya-advert739020921.html
Медицинские маски 3-х слойные оптом,31 марта,https://irr.ru/personal/beauty-health/medical-care/medicinskie-maski-3-h-sloynye-optom-advert739807834.html
Маски медицинские,31 марта,https://irr.ru/personal/beauty-health/medical-care/maski-medicinskie-advert739753106.html
Маски медицинские,"сегодня, 05:57",https://irr.ru/personal/beauty-health/medical-care/maski-medicinskie-advert739624415.html
Маска медицинская,"сегодня, 00:18",https://irr.ru/personal/beauty-health/medical-care/maska-medicinskaya-advert739036914.html
Маска защитная многоразовая (не медицинская),29 марта,https://irr.ru/personal/beauty-health/medical-care/maska-zaschitnaya-mnogorazovaya-ne-medicinskaya-advert738793091.html
Маска медицинская трехслойная по ГОСТу,31 марта,https://irr.ru/personal/beauty-health/medical-care/maska-medicinskaya-trehsloynaya-po-gostu-advert738732095.html
Медицинские маски,31 марта,https://irr.ru/personal/beauty-health/medical-care/medicinskie-maski-advert738732078.html
Маска медицинская,30 марта,https://irr.ru/personal/beauty-health/medical-care/maska-medicinskaya-advert738730580.html
Маски медицинские одноразовые,31 марта,https://irr.ru/personal/beauty-health/medical-care/maski-medicinskie-odnorazovye-advert738722664.html
Маски медицинские,31 марта,https://irr.ru/personal/beauty-health/medical-care/maski-medicinskie-advert738721824.html
Маски медицинские,31 марта,https://irr.ru/personal/beauty-health/medical-care/maski-medicinskie-advert738653547.html
Медицинские маски опт,31 марта,https://irr.ru/personal/beauty-health/medical-care/medicinskie-maski-opt-advert738653016.html
Медицинские маски,31 марта,https://irr.ru/personal/beauty-health/medical-care/medicinskie-maski-advert738638653.html
"Маски медицинские класс защиты FFP2,  FFP3","сегодня, 05:59",https://irr.ru/personal/beauty-health/medical-care/maski-medicinskie-klass-zaschity-ffp2-ffp3-advert738627386.html
Медицинские маски,30 марта,https://irr.ru/personal/beauty-health/medical-care/medicinskie-maski-advert738598372.html
Ополаскиватель для полости рта Waterdent Хлоргексидин без фтора 500ml 4605370015492,31 марта,https://irr.ru/personal/beauty-health/other/opolaskivatel-dlya-polosti-rta-waterdent-hlorgeksidin-bez-ftora-500ml-4605370015492-advert724189936.html
Apicenna Шампунь при заболеваниях кожи с хлоргексидином 4% для кошек и собак - 150 мл,"сегодня, 03:34",https://irr.ru/animals-plants/tovary_dlya_zhivotnyh/other/apicenna-shampun-pri-zabolevaniyah-kozhi-s-hlorgeksidinom-4-dlya-koshek-i-sobak-150-ml-advert731544065.html
CitoDerm лосьон ушной для кошек и собак с хлоргексидином - 50 мл,"сегодня, 03:34",https://irr.ru/animals-plants/tovary_dlya_zhivotnyh/other/citoderm-loson-ushnoy-dlya-koshek-i-sobak-s-hlorgeksidinom-50-ml-advert731541012.html
Шампунь Пчелодар с 5%-хлоргексидином - 250 мл,"сегодня, 03:33",https://irr.ru/animals-plants/tovary_dlya_zhivotnyh/other/shampun-pchelodar-s-5-hlorgeksidinom-250-ml-advert731534309.html
