Антисептическое средство для обработки рук и ногDomix Тоталдез ЛЮК,30 марта,https://chelyabinsk.irr.ru/personal/beauty-health/medical-care/antisepticheskoe-sredstvo-dlya-obrabotki-ruk-i-nogdomix-totaldez-lyuk-advert739805697.html
Медицинские маски 3-х слойные оптом,"сегодня, 00:57",https://ekaterinburg.irr.ru/personal/beauty-health/medical-care/medicinskie-maski-3-h-sloynye-optom-advert739807850.html
Маска медицинская,30 марта,https://ekaterinburg.irr.ru/personal/beauty-health/medical-care/maska-medicinskaya-advert739037146.html
Маски медицинские,31 марта,https://ekaterinburg.irr.ru/personal/beauty-health/medical-care/maski-medicinskie-advert738720506.html
Маска медицинская,31 марта,https://ekaterinburg.irr.ru/personal/beauty-health/medical-care/maska-medicinskaya-advert738653147.html
Медицинские маски,31 марта,https://ekaterinburg.irr.ru/personal/beauty-health/equipment/medicinskie-maski-advert739035986.html
Маска медицинская многоразовая,29 марта,https://ekaterinburg.irr.ru/personal/beauty-health/medical-care/maska-medicinskaya-mnogorazovaya-advert739743671.html
Маска медицинская трехслойная,30 марта,https://perm.irr.ru/personal/beauty-health/medical-care/maska-medicinskaya-trehsloynaya-advert739803694.html
Медицинская маска,31 марта,https://perm.irr.ru/personal/beauty-health/medical-care/medicinskaya-maska-advert739873853.html
Маски медицинские,31 марта,https://ufa.irr.ru/personal/beauty-health/medical-care/maski-medicinskie-advert739743758.html
Медицинские маски,31 марта,https://ufa.irr.ru/personal/beauty-health/equipment/medicinskie-maski-advert739837823.html
"Маска медицинская трёхслойная "" БелСпецСтиль""  оптом,  голубая",31 марта,https://perm.irr.ru/personal/beauty-health/equipment/maska-medicinskaya-trehsloynaya-belspecstil-optom-golubaya-advert739037185.html
