–ê–Ω—Ç–∏—Å–µ–ø—Ç–∏–∫,31.03.2020,https://youla.ru/moskva/krasota-i-zdorove/sredstva-dlya-gigieny/antisieptik-5e834c92bd36c068e957c083
–ó–∞—â–∏—Ç–∞ –ª–∏—Ü–∞ –æ—Ç –∫–æ—Ä–æ–Ω–æ–≤–∏—Ä—É—Å–Ω–æ–π –∏–Ω—Ñ–µ–∫—Ü–∏–∏/ covid-19,31.03.2020,https://youla.ru/moskva/krasota-i-zdorove/medicinskie-tovary/zashchita-litsa-ot-koronovirusnoi-infiektsii-covid19-5e83ac7f2aecd61147143326
–ê–Ω—Ç–∏—Å–µ–ø—Ç–∏–∫,31.03.2020,https://youla.ru/moskva/krasota-i-zdorove/sredstva-dlya-gigieny/antisieptik-5e83aaf8dbdf0fd41620e998
–ê–Ω—Ç–∏—Å–µ–ø—Ç–∏–∫,31.03.2020,https://youla.ru/moskva/krasota-i-zdorove/sredstva-dlya-gigieny/antisieptik-5e83aa4a93800039576ebbe7
–ú—ã–ª–æ –∞–Ω—Ç–∏—Å–µ–ø—Ç–∏–∫,31.03.2020,https://youla.ru/moskva/krasota-i-zdorove/sredstva-dlya-gigieny/mylo-antisieptik-5e83aa11c6ab9e671c01a9ff
–ê–Ω—Ç–∏—Å–µ–ø—Ç–∏–∫,31.03.2020,https://youla.ru/moskva/krasota-i-zdorove/sredstva-dlya-gigieny/antisieptik-5e83a9eb5eaa9e24374c63d3
–ê–ù–¢–ò–°–ï–ü–¢–ò–ö –î–õ–Ø –†–£–ö,31.03.2020,https://youla.ru/moskva/krasota-i-zdorove/sredstva-dlya-gigieny/antisieptik-dlia-ruk-5e83a83162e1c6072942e76d
–ê–Ω—Ç–∏—Å–µ–ø—Ç–∏–∫,31.03.2020,https://youla.ru/moskva/krasota-i-zdorove/sredstva-dlya-gigieny/antisieptik-5e83a9d4f20263a9f9541d63
"–ú–æ–Ω–æ–±–ª–æ–∫ Asus 20"", 8 gb,+–ø—Ä–∏–Ω—Ç–µ—Ä,–∫–ª–∞–≤,–º—ã—à—å",31.03.2020,https://youla.ru/moskva/kompyutery/nastolnye-monobloki/monoblok-asus+-klaviatura+mysh+sistiemnyi-blok-hp-59d28853d6775049153200cc
–ü–æ–ª—É–º–∞—Å–∫–∞ –∑–∞—â–∏—Ç–Ω–∞—è –º–Ω–æ–≥–æ—Ä–∞–∑–æ–≤–∞—è,31.03.2020,https://youla.ru/moskva/krasota-i-zdorove/sredstva-dlya-gigieny/polumaska-zashchitnaia-mnoghorazovaia-5e83a8f54aa7e5a4661f6a73
SAMSUNG Galaxy S10e –û–Ω–∏–∫—Å (—á—ë—Ä–Ω—ã–π) - –ù–æ–≤—ã–π,31.03.2020,https://youla.ru/moskva/smartfony-planshety/smartfony/samsung-galaxy-s10e-oniks-chiornyi-novyi-5e83953b6c4b442d07023fc3
–ê–Ω—Ç–∏—Å–µ–ø—Ç–∏–∫,31.03.2020,https://youla.ru/moskva/krasota-i-zdorove/sredstva-dlya-gigieny/antisieptik-5e837bb4c15ae365a20a1f13
–•–ª–æ—Ä–≥–µ–∫—Å–∏–¥–∏–Ω,31.03.2020,https://youla.ru/moskva/krasota-i-zdorove/sredstva-dlya-gigieny/khlorghieksidin-5e83593f13a31e9c1c3ddf13
–î–µ—Ç—Å–∫–∞—è –º–∞—Å–∫–∞ –Ω–∞ —Ä–µ–∑–∏–Ω–æ—á–∫–∞—Ö,31.03.2020,https://youla.ru/moskva/hehndmejd/aksessuary/dietskaia-maska-na-riezinochkakh-5e83ad2334e1900917613ff3
SPA-–®–£–ì–ê–†–ò–ù–ì –¥–µ–ø–∏–ª—è—Ü–∏—è —Å–∞—Ö–∞—Ä–æ–º,31.03.2020,https://youla.ru/moskva/uslugi/krasota-zdorove/spashugaring-diepiliatsiia-sakharom-5d4431e59f3599a7e10cb272
–ú–∞—Å–∫–∏ –º–Ω–æ–≥–æ—Ä–∞–∑–æ–≤—ã–µ,31.03.2020,https://youla.ru/moskva/krasota-i-zdorove/sredstva-dlya-gigieny/maski-mnoghorazovyie-5e8110b2c887e0db976e9a88
"–ú–Ω–æ–≥–æ—Ä–∞–∑–æ–≤—ã–µ –º–∞—Å–∫–∏ –∏–∑ —Ö–ª–æ–ø–∫–∞, —Å—Ä–µ–¥—Å—Ç–≤–∞ –∑–∞—â–∏—Ç—ã",31.03.2020,https://youla.ru/moskva/krasota-i-zdorove/sredstva-dlya-gigieny/mnoghorazovyie-maski-iz-khlopka-sriedstva-zashchity-5e83aa9f66fb0756494b01eb
–ù–æ–≤—ã–µ Bluetooth –Ω–∞—É—à–Ω–∏–∫–∏ Harman/Kardon üéÅüéßüéºüîù,31.03.2020,https://youla.ru/moskva/ehlektronika/naushniki/novyie-bluetooth-naushniki-harmankardon-5e089bab3f53c4342009e998
–ú–∞—Å–∫–∞ –º–Ω–æ–≥–æ—Ä–∞–∑–æ–≤–∞—è —Ç–∫–∞–Ω–µ–≤–∞—è,31.03.2020,https://youla.ru/moskva/krasota-i-zdorove/sredstva-dlya-gigieny/maska-mnoghorazovaia-tkanievaia-5e83a72280e08e04233bdf1e
–ú–∞—Å–∫–∞ —Ç—Ä—ë—Ö —Å–ª–æ–π–Ω–∞—è –ß—ë—Ä–Ω–∞—è –º–µ–¥–∏—Ü–∏–Ω—Å–∫–∞—è,31.03.2020,https://youla.ru/moskva/krasota-i-zdorove/medicinskie-tovary/maska-triokh-sloinaia-chiornaia-mieditsinskaia-5e83a6ea66fb0742e17f2939
–ú–ê–°–ö–ò –Ω–µ –ú–ï–î–ò–¶–ò–ù–°–ö–ò–ï,31.03.2020,https://youla.ru/moskva/krasota-i-zdorove/medicinskie-tovary/maski-nie-mieditsinskiie-5e838015f567957112491c03
–ú–∞—Å–∫–∏ –û–ø—Ç–æ–º,31.03.2020,https://youla.ru/moskva/krasota-i-zdorove/medicinskie-tovary/maski-optom-tiemnosiniie-5e832ed6f5679521bd7e5243
–ó–∞—â–∏—Ç–Ω—ã–µ –º–∞—Å–∫–∏ —ç–∫—Ä–∞–Ω—ã,31.03.2020,https://youla.ru/moskva/krasota-i-zdorove/sredstva-dlya-gigieny/zashchitnyie-ekrana-dlia-litsa-5e809a334f1bc029634b40b0
–ú–Ω–æ–≥–æ—Ä–∞–∑–æ–≤—ã–µ –∑–∞—â–∏—Ç–Ω—ã–µ –º–∞—Å–∫–∏!,31.03.2020,https://youla.ru/moskva/krasota-i-zdorove/sredstva-dlya-gigieny/mnoghorazovyie-nie-mieditsinskiie-maski-5e83a175132ca52c7a074313
–ú–∞—Å–∫–∞ —Ç–∫–∞–Ω–µ–≤–∞—è,31.03.2020,https://youla.ru/moskva/krasota-i-zdorove/medicinskie-tovary/maska-tkanievaia-5e83a0644f1bc0cfaf4e7553
–ú–∞—Å–∫–∏ –º–Ω–æ–≥–æ—Ä–∞–∑–æ–≤—ã–µ,31.03.2020,https://youla.ru/moskva/krasota-i-zdorove/sredstva-dlya-gigieny/maski-mnoghorazovyie-5e81df58d138b329571a833c
–ú–µ–¥–∏—Ü–∏–Ω—Å–∫–∞—è –º–∞—Å–∫–∞,31.03.2020,https://youla.ru/moskva/krasota-i-zdorove/drugoe/mieditsinskaia-maska-5e839bdef567956dd4014e71
–ê–Ω—Ç–∏—Å–µ–ø—Ç–∏–∫ –∏ –º–µ–¥–∏—Ü–∏–Ω—Å–∫–∏–µ –º–∞—Å–∫–∏,31.03.2020,https://youla.ru/moskva/krasota-i-zdorove/sredstva-dlya-gigieny/antisieptik-i-mieditsinskiie-maski-5e8399cadf5340ca81006463
–ú–∞—Å–∫–∞ –Ω–µ –º–µ–¥–∏—Ü–∏–Ω—Å–∫–∞—è,31.03.2020,https://youla.ru/moskva/krasota-i-zdorove/sredstva-dlya-gigieny/maska-nie-mieditsinskaia-5e8397d2b261ff7b2d7cd493
–ú–∞—Å–∫–∞ –º–µ–¥–∏—Ü–∏–Ω—Å–∫–∞—è –º–Ω–æ–≥–æ—Ä–∞–∑–æ–≤–∞—è,31.03.2020,https://youla.ru/moskva/krasota-i-zdorove/medicinskie-tovary/maska-mieditsinskaia-ffp3-mnoghorazovaia-5e8397b90fff81b4240d71fa
–ê–Ω—Ç–∏—Å–µ–ø—Ç–∏–∫ –¥–ª—è —Ä—É–∫,31.03.2020,https://youla.ru/moskva/krasota-i-zdorove/sredstva-dlya-gigieny/antisieptik-dlia-ruk-5e834c515eaa9e1f0b2e51f3
"–ú–∞—Å–∫–∏ –º–Ω–æ–≥–æ—Ä–∞–∑–æ–≤—ã–µ, –Ω–µ –º–µ–¥–∏—Ü–∏–Ω—Å–∫–∏–µ",31.03.2020,https://youla.ru/moskva/hehndmejd/aksessuary/maski-mnoghorazovyie-nie-mieditsinskiie-5e7f49ee3f53c4a91676728c
–ê–Ω—Ç–∏—Å–µ–ø—Ç–∏–∫ –¥–ª—è —Ä—É–∫. 5–ª. –°–∞–Ω–∏—Ç–∞–π–∑–µ—Ä+,31.03.2020,https://youla.ru/moskva/krasota-i-zdorove/sredstva-dlya-gigieny/antisieptik-dlia-ruk-5l-sanitaizier+-5e7a4b776c4b440d061ee183
–ú–∞—Å–∫–∏ –º–Ω–æ–≥–æ—Ä–∞–∑–æ–≤—ã–µ –Ω–µ –º–µ–¥–∏—Ü–∏–Ω—Å–∫–∏–µ,31.03.2020,https://youla.ru/moskva/krasota-i-zdorove/medicinskie-tovary/maski-mnoghorazovyie-nie-mieditsinskiie-5e8252914f1bc0bed42a0b70
–ú–∞—Å–∫–∞ –Ω–µ –ú–µ–¥–∏—Ü–∏–Ω—Å–∫–∞—è –ú–Ω–æ–≥–æ—Ä–∞–∑–æ–≤–∞—è,31.03.2020,https://youla.ru/moskva/krasota-i-zdorove/sredstva-dlya-gigieny/maska-nie-mieditsinskaia-mnoghorazovaia-5e838f1f821a9964ed7f3353
–ú–∞—Å–∫–∏ –Ω–µ –º–µ–¥–∏—Ü–∏–Ω—Å–∫–∏–µ,31.03.2020,https://youla.ru/moskva/krasota-i-zdorove/sredstva-dlya-gigieny/maski-nie-mieditsinskiie-5e7fd3b8074b3e81f6757543
–¢–∫–∞–Ω—å –¥–ª—è –º–∞—Å–æ–∫ (–Ω–µ –º–µ–¥–∏—Ü–∏–Ω—Å–∫–∞—è),31.03.2020,https://youla.ru/moskva/hehndmejd/aksessuary/tkan-dlia-masok-nie-mieditsinskaia-5e7f6729c887e0879762b293
–ú–∞—Å–∫–∞ –Ω–µ –º–µ–¥–∏—Ü–∏–Ω—Å–∫–∞—è,31.03.2020,https://youla.ru/moskva/krasota-i-zdorove/uhod-za-licom/maski-zashchitnyie-dlia-litsa-5e7d028965bcf148af25bef3
–ú–∞—Å–∫–∞ –Ω–µ –º–µ–¥–∏—Ü–∏–Ω—Å–∫–∞—è,31.03.2020,https://youla.ru/moskva/krasota-i-zdorove/sredstva-dlya-gigieny/maska-nie-mieditsinskaia-5e8387e82138bbd63056cd11
–ú–∞–≥–∞–∑–∏–Ω—É –º–µ–¥–∏—Ü–∏–Ω—Å–∫–∏—Ö –º–∞—Å–æ–∫ –≤ –ú–æ—Å–∫–≤–µ –Ω—É–∂–µ–Ω –∫—É—Ä—å–µ—Ä,31.03.2020,https://youla.ru/moskva/rabota/bez-opyta-studentam/maghazinu-mieditsinskikh-masok-v-moskvie-nuzhien-kurier-5e838689ec9855c1d066e6f3
–ú–∞—Å–∫–∞ –Ω–µ –º–µ–¥–∏—Ü–∏–Ω—Å–∫–∞—è –º–Ω–æ–≥–æ—Ä–∞–∑–æ–≤–∞—è,31.03.2020,https://youla.ru/moskva/uslugi/izgotovlenie-na-zakaz/maska-mieditsinskaia-mnoghorazovaia-5e838517bedcc5115b7b4ea2
–ú–∞—Å–∫–∞ –Ω–µ –º–µ–¥–∏—Ü–∏–Ω—Å–∫–∞—è(–ø–∏—à–∏—Ç–µ –≤ –ª/—Å),31.03.2020,https://youla.ru/moskva/krasota-i-zdorove/uhod-za-licom/maska-nie-mieditsinskaiapishitie-v-ls-5e822062ec98556c7224c39c
–¢—Ä–∏–æ—Å–æ–Ω –ë–ê–î,31.03.2020,https://youla.ru/moskva/krasota-i-zdorove/medicinskie-tovary/trioson-bad-5e83838122a4497bd04675b3
–ú–∞—Å–∫–∞ –Ω–µ –º–µ–¥–∏—Ü–∏–Ω—Å–∫–∞—è,31.03.2020,https://youla.ru/moskva/krasota-i-zdorove/sredstva-dlya-gigieny/maska-nie-mieditsinskaia-5e83834a9f3599c510701ca3
–°–ø–∞–Ω–±–æ–Ω–¥ –æ–ø—Ç–æ–º –º–µ–¥–∏—Ü–∏–Ω—Å–∫–∏–π,31.03.2020,https://youla.ru/moskva/dlya-biznesa/oborudovanie/spanbond-5e8382bee7696a4e0c5f101f
–ó–∞—â–∏—Ç–Ω–∞—è –º–∞—Å–∫–∞ –º–µ–¥–∏—Ü–∏–Ω—Å–∫–∞—è —É–≥–æ–ª—å–Ω–∞—è –º–Ω–æ–≥–æ—Ä–∞–∑–æ–≤–∞—è,31.03.2020,https://youla.ru/moskva/prochee/drugoe/zashchitnaia-maska-mieditsinskaia-ugholnaia-mnoghorazovaia-5e8381b22756ba6ec006a7bd
–õ–æ—Å—å–æ–Ω –∫–æ—Å–º–µ—Ç–∏—á–µ—Å–∫–∏–π –∞–Ω—Ç–∏—Å–µ–ø—Ç–∏—á–µ—Å–∫–∏–π,31.03.2020,https://youla.ru/moskva/krasota-i-zdorove/sredstva-dlya-gigieny/loson-kosmietichieskii-antisieptichieskii-5e8313a1f8efdc20d60b7297
–ê–Ω—Ç–∏—Å–µ–ø—Ç–∏–∫ –≥–µ–ª—å –¥–ª—è —Ä—É–∫ Diversey,31.03.2020,https://youla.ru/moskva/uslugi/krasota-zdorove/antisieptik-ghiel-5e82f466f094f37e7d743aa5
–•–ª–æ—Ä–≥–µ–∫—Å–∏–¥–∏–Ω,31.03.2020,https://youla.ru/moskva/krasota-i-zdorove/sredstva-dlya-gigieny/khlorghieksidin-5e8225b3aaab287df50a6d93
–ù–∞–±–æ—Ä –¥–ª—è –Ω–∞—Ä–∞—â–∏–≤–∞–Ω–∏—è –∏ –ø–æ–∫—Ä—ã—Ç–∏—è –Ω–æ–≥—Ç–µ–π,31.03.2020,https://youla.ru/moskva/krasota-i-zdorove/manikyur-pedikyur/nabor-dlia-narashchivaniia-i-pokrytiia-noghtiei-5e4e97c1dbdf0f6a2a0541f3
–ù–∞–±–æ—Ä –æ—Ç –∫–æ—Ä–æ–Ω–æ–≤–∏—Ä—É—Å–∞ / –î–æ—Å—Ç–∞–≤–∫–∞,30.03.2020,https://youla.ru/moskva/krasota-i-zdorove/medicinskie-tovary/nabor-ot-koronovirusa-dostavka-5e8251984f1bc0bf004238c3
–ù–∞–±–æ—Ä –æ—Ç –∫–æ—Ä–æ–Ω–∞–≤–∏—Ä—É—Å–∞,30.03.2020,https://youla.ru/moskva/krasota-i-zdorove/sredstva-dlya-gigieny/nabor-ot-koronavirusa-5e824f43eef141488664e5f3
–ê–Ω—Ç–∏—Å–µ–ø—Ç–∏–∫ —Ö–ª–æ—Ä–≥–µ–∫—Å–∏–¥–∏–Ω,30.03.2020,https://youla.ru/moskva/krasota-i-zdorove/sredstva-dlya-gigieny/antisieptik-khlorghieksidin-5e81e07cdbdf0f35ae2bfada
–ê–Ω—Ç–∏—Å–µ–ø—Ç–∏–∫ - —Å–ø—Ä–µ–π,30.03.2020,https://youla.ru/moskva/krasota-i-zdorove/sredstva-dlya-gigieny/antisieptik-spriei-5e81bcf1d138b3822f7394d3
–ê–Ω—Ç–∏—Å–µ–ø—Ç–∏–∫ –¥–ª—è —Ä—É–∫,30.03.2020,https://youla.ru/moskva/krasota-i-zdorove/medicinskie-tovary/antisieptik-dlia-ruk-5e81a39e3f53c4678a70243f
"–ê–Ω—Ç–∏—Å–µ–ø—Ç–∏–∫ —Ä–∞—Å—Ç–≤–æ—Ä –•–ª–æ—Ä–≥–µ–∫—Å–∏–¥–∏–Ω–∞ 0,05%",29.03.2020,https://youla.ru/moskva/krasota-i-zdorove/sredstva-dlya-gigieny/antisieptik-rastvor-khlorghieksidina-005-5e80fac927a9ab4d5e2393f3
–ê–Ω—Ç–∏—Å–µ–ø—Ç–∏–∫ –•–ª–æ—Ä–≥–µ–∫—Å–∏–¥–∏–Ω 100–º–ª,29.03.2020,https://youla.ru/moskva/krasota-i-zdorove/drugoe/riespiratory-spirotek-ffp2-5e80a24922a449a98f04dfdf
–ö–æ–∂–Ω—ã–π –∞–Ω—Ç–∏—Å–µ–ø—Ç–∏–∫ –¥–ª—è —Ä—É–∫911,29.03.2020,https://youla.ru/moskva/krasota-i-zdorove/sredstva-dlya-gigieny/kozhnyi-antisieptik-911-5e74e5e3c887e070f30b7a99
–ö–æ–∂–Ω—ã–π –∞–Ω—Ç–∏—Å–µ–ø—Ç–∏–∫ –¥–ª—è —Ä—É–∫.,29.03.2020,https://youla.ru/moskva/krasota-i-zdorove/sredstva-dlya-gigieny/kozhnyi-antisieptik-5e72e9fe9380008562056543
–ö–æ–∂–Ω—ã–π –∞–Ω—Ç–∏—Å–µ–ø—Ç–∏–∫ –¥–ª—è —Ä—É–∫,29.03.2020,https://youla.ru/moskva/krasota-i-zdorove/sredstva-dlya-gigieny/kozhnyi-antisieptik-5e72cb78dbdf0fca4105ce93
3. FotoSan 630,12.03.2020,https://youla.ru/moskva/krasota-i-zdorove/medicinskie-tovary/3-fotosan-630-5e6a8b02f094f3110c32fff9
–®–∞–º–ø—É–Ω—å —Å —Ö–ª–æ—Ä–≥–µ–∫—Å–∏–¥–∏–Ω–æ–º+–±–∏–æ—Å–ø—Ä–µ–π –æ—Ç –∫–ª–µ—â–µ–π,12.03.2020,https://youla.ru/moskva/zhivotnye/tovary/shampun-s-khlorghieksidinom+biospriei-ot-klieshchiei-5e6a4010eef141c4d5558ba2
10. –ê–ø–µ–∫—Å–ª–æ–∫–∞—Ç–æ—Ä –≠–Ω–¥–æ–≠—Å—Ç-–ê–ø–µ–∫—Å 02,11.03.2020,https://youla.ru/moskva/krasota-i-zdorove/medicinskie-tovary/10-apiekslokator-endoestapieks-02-5e68a5e3b5fc2d8b4200bd53
8. C–∫–∞–ª–µ—Ä DTE D7,10.03.2020,https://youla.ru/moskva/krasota-i-zdorove/medicinskie-tovary/8-ckalier-dte-d7-5e6744c22c593e78b91cd717
Doctor Pro - –ì–µ–ª—å –¥–ª—è —Ç–∞—Ç—É Tattoo Pharma 5 –º–ª,06.03.2020,https://youla.ru/moskva/krasota-i-zdorove/tatu-i-tatuazh/doctor-pro-giel-dlia-ukhoda-za-tatu-tattoo-pharma-5e6237f39e94ba5923441853
–≠–ø–∏–ª—è—Ü–∏—è. –®—É–≥–∞—Ä–∏–Ω–≥,06.03.2020,https://youla.ru/moskva/uslugi/krasota-zdorove/epiliatsiia-shugharingh-5c1df7fc27a9ab6607323b0b
–ó–∞—â–∏—Ç–Ω–∞—è –º–∞—Å–∫–∞ –º–µ–¥–∏—Ü–∏–Ω—Å–∫–∞—è —É–≥–æ–ª—å–Ω–∞—è –º–Ω–æ–≥–æ—Ä–∞–∑–æ–≤–∞—è,31.03.2020,https://youla.ru/moskva/prochee/drugoe/zashchitnaia-maska-mieditsinskaia-ugholnaia-mnoghorazovaia-5e8381b22756ba6ec006a7bd
–°—Ç–∏–ª—å–Ω—ã–µ –ú–∞—Å–∫–∏. –ù–µ –º–µ–¥–∏—Ü–∏–Ω—Å–∫–∏–µ! –ù–∞ –∑–∞–∫–∞–∑!,31.03.2020,https://youla.ru/moskva/krasota-i-zdorove/sredstva-dlya-gigieny/stilnyie-maski-nie-mieditsinskiie-5e7e886d6c4b447b7068833b
–ü–æ–≤—è–∑–∫–∞ –¥–ª—è –ª–∏—Ü–∞,31.03.2020,https://youla.ru/moskva/muzhskaya-odezhda/aksessuary/aksiessuar-dlia-litsa-5e73d2a4e7d7ce2d330898a3
–ù–µ –º–µ–¥–∏—Ü–∏–Ω—Å–∫–∞—è –ø–æ–≤—è–∑–∫–∞ –¥–ª—è –ª–∏—Ü–∞,31.03.2020,https://youla.ru/moskva/zhenskaya-odezhda/aksessuary/nie-mieditsinskaia-poviazka-dlia-litsa-5e79c5ff76bdc2add95764b3
–ü—Ä–æ—Å—Ç—ã–Ω–∏ –æ–¥–Ω–æ—Ä–∞–∑–æ–≤—ã–µ 80—Ö200 100—à—Ç/—É–ø,31.03.2020,https://youla.ru/moskva/krasota-i-zdorove/medicinskie-tovary/prostyni-odnorazovyie-80kh200-100shtup-5e83775ca380b680d3217b13
–î–ª—è –º–µ–¥–∏—Ü–∏–Ω—Å–∫–∏—Ö –º–∞—Å–æ–∫,31.03.2020,https://youla.ru/moskva/krasota-i-zdorove/sredstva-dlya-gigieny/tkan-dlia-mieditsinskikh-masok-5e7e3db0aaab280e074777d8
–ú–∞—Å–∫–∞ –º–µ–¥–∏—Ü–∏–Ω—Å–∫–∞—è —Ç–∫–∞–Ω–µ–≤–∞—è,31.03.2020,https://youla.ru/moskva/krasota-i-zdorove/sredstva-dlya-gigieny/maska-mieditsinskaia-tkanievaia-5e8371e7b5fc2d3e32518ec9
–ú–Ω–æ–≥–æ—Ä–∞–∑–æ–≤—ã–µ —Ö–ª–æ–ø–∫–æ–≤—ã–µ –Ω–µ –º–µ–¥–∏—Ü–∏–Ω—Å–∫–∏–µ –º–∞—Å–∫–∏,31.03.2020,https://youla.ru/moskva/hehndmejd/aksessuary/mnoghorazovyie-khlopkovyie-nie-mieditsinskiie-maski-5e836e02bd36c091c3533c2e
"–ú–∞—Å–∫–∞ —Å–æ —Å–º–µ–Ω–Ω—ã–º–∏ —Ñ–∏–ª—å—Ç—Ä–∞–º–∏, –Ω–µ –º–µ–¥–∏—Ü–∏–Ω—Å–∫–∞—è",31.03.2020,https://youla.ru/moskva/krasota-i-zdorove/medicinskie-tovary/maska-so-smiennymi-filtrami-5e836d85b261ff29f233aba3
–ó–∞—â–∏—Ç–Ω–∞—è –º–∞—Å–∫–∞,31.03.2020,https://youla.ru/moskva/krasota-i-zdorove/drugoe/zashchitnaia-mieditsinskaia-maska-5e83025b2756ba7bac290cf3
–ó–∞—â–∏—Ç–Ω–∞—è –º–∞—Å–∫–∞,31.03.2020,https://youla.ru/moskva/krasota-i-zdorove/drugoe/zashchitnaia-maska-5e8302a9b5fc2d91a5239d03
–ú–Ω–æ–≥–æ—Ä–∞–∑–æ–≤–∞—è –º–∞—Å–∫–∞,31.03.2020,https://youla.ru/moskva/krasota-i-zdorove/sredstva-dlya-gigieny/mnoghorazovaia-maska-5e7f8b4e6c4b442ad31964b3
–ù–µ –º–µ–¥–∏—Ü–∏–Ω—Å–∫–∏–µ –∑–∞—â–∏—Ç–Ω—ã–µ –º–∞—Å–∫–∏ –¥–ª—è –ª–∏—Ü–∞,31.03.2020,https://youla.ru/moskva/krasota-i-zdorove/sredstva-dlya-gigieny/nie-mieditsinskiie-zashchitnyie-maski-dlia-litsa-5e8369b5074b3e6ecf6aac33
–¢–∫–∞–Ω—å –¥–ª—è –º–µ–¥–∏—Ü–∏–Ω—Å–∫–∏—Ö –º–∞—Å–æ–∫,31.03.2020,https://youla.ru/moskva/krasota-i-zdorove/medicinskie-tovary/tkan-dlia-mieditsinskikh-masok-5e8369485eaa9e729a3c23b3
–ú–∞—Å–∫–∞ –∑–∞—â–∏—Ç–Ω–∞—è –º–Ω–æ–≥–æ—Ä–∞–∑–æ–≤–∞—è –Ω–µ –º–µ–¥–∏—Ü–∏–Ω—Å–∫–∞—è,31.03.2020,https://youla.ru/moskva/krasota-i-zdorove/uhod-za-licom/maska-zashchitnaia-niemieditsinskaia-5e7a126a85e9d275401d8143
–ú–∞—Å–∫–∞ –º–Ω–æ–≥–æ—Ä–∞–∑–æ–≤–∞—è –Ω–µ –º–µ–¥–∏—Ü–∏–Ω—Å–∫–∞—è,31.03.2020,https://youla.ru/moskva/krasota-i-zdorove/medicinskie-tovary/maska-mnoghorazovaia-nie-mieditsinskaia-5e7b6198a09cd5828277fcc3
–ú–∞—Å–∫–∞ –∑–∞—â–∏—Ç–Ω–∞—è –º–Ω–æ–≥–æ—Ä–∞–∑–æ–≤–∞—è –Ω–µ –º–µ–¥–∏—Ü–∏–Ω—Å–∫–∞—è,31.03.2020,https://youla.ru/moskva/krasota-i-zdorove/medicinskie-tovary/maska-zashchitnaia-mnoghorazovaia-nie-mieditsinskaia-5e8366524aa7e563182a31c3
–†–µ—Å–ø–∏—Ä–∞—Ç–æ—Ä 3M Aura 9332 FFP3,31.03.2020,https://youla.ru/moskva/krasota-i-zdorove/medicinskie-tovary/riespirator-3m-aura-9332-ffp3-5e8365b127a9ab88433b834a
–ú–∞—Å–∫–∏ –Ω–µ –º–µ–¥–∏—Ü–∏–Ω—Å–∫–∏–µ.,31.03.2020,https://youla.ru/moskva/krasota-i-zdorove/sredstva-dlya-gigieny/maski-nie-mieditsinskiie-5e8363a59f3599aa4d578bb3
–ú–∞—Å–∫–∞,31.03.2020,https://youla.ru/moskva/remont-i-stroitelstvo/drugoe/maska-5e7e4296f8efdc3651235fa3
–ú–∞—Å–∫–∞ –Ω–µ –º–µ–¥–∏—Ü–∏–Ω—Å–∫–∞—è,31.03.2020,https://youla.ru/moskva/krasota-i-zdorove/medicinskie-tovary/maska-nie-mieditsinskaia-5e83634a65bcf18cff78b5d3
–ú–∞—Å–∫–∏ –Ω–µ –º–µ–¥–∏—Ü–∏–Ω—Å–∫–∏–µ –º–Ω–æ–≥–æ—Ä–∞–∑–æ–≤—ã–µ,31.03.2020,https://youla.ru/moskva/krasota-i-zdorove/sredstva-dlya-gigieny/maski-nie-mieditsinskiie-mnoghorazovyie-5e8360966c4b44ce352eb233
–ù–µ –º–µ–¥–∏—Ü–∏–Ω—Å–∫–∞—è –º–∞—Å–∫–∞,31.03.2020,https://youla.ru/moskva/krasota-i-zdorove/sredstva-dlya-gigieny/nie-mieditsinskaia-maska-5e8360521bee2b68807b64a3
–ú–µ–¥–∏—Ü–∏–Ω—Å–∫–∞—è –ú–∞—Å–∫–∞,31.03.2020,https://youla.ru/moskva/krasota-i-zdorove/medicinskie-tovary/mieditsinskiie-maski-5e825ec0132ca57a2f28cd43
–ú–∞—Å–∫–∞ –∑–∞—â–∏—Ç–Ω–∞—è –∫–∞–º—É—Ñ–ª—è–∂ ( –Ω–µ –º–µ–¥–∏—Ü–∏–Ω—Å–∫–∞—è),31.03.2020,https://youla.ru/moskva/krasota-i-zdorove/medicinskie-tovary/maska-zashchitnaia-nie-mieditsinskaia-5e835e8985e9d21818191429
"–†–µ–∑–∏–Ω–∫–∏, –≤–µ—Ä–µ–≤–∫–∏ –¥–ª—è –º–µ–¥–∏—Ü–∏–Ω—Å–∫–∏—Ö –º–∞—Å–æ–∫",31.03.2020,https://youla.ru/moskva/krasota-i-zdorove/medicinskie-tovary/riezinki-vierievki-dlia-mieditsinskikh-masok-5e8339a6d67750497b09d108
"–ú–∞—Å–∫–∏ –Ω–µ –º–µ–¥–∏—Ü–∏–Ω—Å–∫–∏–µ , –º–Ω–æ–≥–æ—Ä–∞–∑–æ–≤—ã–µ",31.03.2020,https://youla.ru/moskva/krasota-i-zdorove/sredstva-dlya-gigieny/maski-nie-mieditsinskiie-mnoghorazovyie-5e835c7e2aecd64c9510c40c
–ú–µ–¥–∏—Ü–∏–Ω—Å–∫–∏–µ –º–∞—Å–∫–∏,31.03.2020,https://youla.ru/moskva/krasota-i-zdorove/sredstva-dlya-gigieny/mieditsinskiie-maski-5e835b2ef567956e800c7993
–ú–∞—Å–∫–∞ —Ä–∞—Å–ø–∏—Ä–∞—Ç–æ—Ä —É–≥–æ–ª—å–Ω—ã–µ –º–Ω–æ–≥–æ—Ä–∞–∑–æ–≤–∞—è,31.03.2020,https://youla.ru/moskva/krasota-i-zdorove/sredstva-dlya-gigieny/maska-raspirator-ugholnyie-mnoghorazovaia-5e8358dd9380005fa048c01c
–ú–Ω–æ–≥–æ—Ä–∞–∑–æ–≤—ã–µ –Ω–µ –º–µ–¥–∏—Ü–∏–Ω—Å–∫–∏–µ –º–∞—Å–∫–∏,31.03.2020,https://youla.ru/moskva/krasota-i-zdorove/sredstva-dlya-gigieny/mnoghorazovyie-nie-mieditsinskiie-maski-5e81cd0bcf689a4fe8748d03
–ú–∞—Å–∫–∏ –Ω–µ –º–µ–¥–∏—Ü–∏–Ω—Å–∫–∏–µ,31.03.2020,https://youla.ru/moskva/krasota-i-zdorove/medicinskie-tovary/maski-mieditsinskiie-5e83581f2756ba24644a1b38
–ú–∞—Å–∫–∏ —á–µ—Ä–Ω—ã–µ –≤ –Ω–∞–ª–∏—á–∏–∏ –æ—Ç –ø—Ä–æ–∏–∑–≤–æ–¥–∏—Ç–µ–ª—è!,31.03.2020,https://youla.ru/moskva/hehndmejd/aksessuary/maski-chiernyie-v-nalichii-5e808e7280e08e23d308dea3
–ú–∞—Å–∫–∞,31.03.2020,https://youla.ru/moskva/krasota-i-zdorove/sredstva-dlya-gigieny/maska-5e8357ff62e1c61f6a4d915c
–ú–Ω–æ–≥–æ—Ä–∞–∑–æ–≤–∞—è –Ω–µ –º–µ–¥–∏—Ü–∏–Ω—Å–∫–∞—è –º–∞—Å–∫–∞.,31.03.2020,https://youla.ru/moskva/krasota-i-zdorove/sredstva-dlya-gigieny/mnoghorazovaia-khlopkovaia-maska-5e833d5ac15ae3b596145163
–ú–∞—Å–∫–∏ –∑–∞—â–∏—Ç–Ω—ã–µ –¥–ª—è –ª–∏—Ü–∞ (–ú–ù–û–ì–û –¶–í–ï–¢–û–í),31.03.2020,https://youla.ru/moskva/krasota-i-zdorove/sredstva-dlya-gigieny/maski-zashchitnyie-dlia-litsa-mnogo-tsvietov-5e83563e34e19027ae371177
–ú–∞—Å–∫–∞ —É–≥–æ–ª—å–Ω–∞—è –º–Ω–æ–≥–æ—Ä–∞–∑–æ–≤–∞—è,31.03.2020,https://youla.ru/moskva/krasota-i-zdorove/medicinskie-tovary/maska-ugholnaia-mnoghorazovaia-5e82431176bdc215576d7843
–ú–∞—Å–∫–∞ —á–µ—Ä–Ω–∞—è,31.03.2020,https://youla.ru/moskva/krasota-i-zdorove/sredstva-dlya-gigieny/maska-chiernaia-5e8034eda06606569837e9b3
–†–µ—Å–ø–∏—Ä–∞—Ç–æ—Ä –ë–†–ò–ó 1106–ú FFP3,31.03.2020,https://youla.ru/moskva/krasota-i-zdorove/medicinskie-tovary/riespirator-briz-1106m-ffp3-5e83541080e08e48101703c3
–ú–∞—Å–∫–∏ –Ω–µ –º–µ–¥–∏—Ü–∏–Ω—Å–∫–∏–µ,31.03.2020,https://youla.ru/moskva/krasota-i-zdorove/medicinskie-tovary/maski-nie-mieditsinskiie-5e80362385e9d295a7343f33
–ú–∞—Å–∫–∞ –Ω–µ –º–µ–¥–∏—Ü–∏–Ω—Å–∫–∞—è,31.03.2020,https://youla.ru/moskva/krasota-i-zdorove/sredstva-dlya-gigieny/maska-nie-mieditsinskaia-5e834fbff8efdc900b129703
–ú–∞—Å–∫–∏ –º–Ω–æ–≥–æ—Ä–∞–∑–æ–≤—ã–µ –Ω–µ –º–µ–¥–∏—Ü–∏–Ω—Å–∫–∏–µ,31.03.2020,https://youla.ru/moskva/krasota-i-zdorove/medicinskie-tovary/maski-mnoghorazovyie-nie-mieditsinskiie-5e834ee576bdc212e50904c3
–°–º–º—Å –º–∞—Ç–µ—Ä–∏–∞–ª –¥–ª—è –ø—Ä–æ–∏–∑–≤–æ–¥—Å—Ç–≤–∞ –º–µ–¥–∏—Ü–∏–Ω—Å–∫–∏—Ö –º–∞—Å–æ–∫,31.03.2020,https://youla.ru/moskva/krasota-i-zdorove/medicinskie-tovary/sms-matierial-dlia-proizvodstva-mieditsinskikh-masok-5e834e55c3bdd250c470e344
–®–≤–µ–π–Ω–∞—è –º–∞—à–∏–Ω–∫–∞,31.03.2020,https://youla.ru/moskva/bytovaya-tekhnika/shvejnoe-oborudovanie/shvieinaia-mashinka-5e75d7cc80e08ea88d4a156a
–ú–∞—Å–∫–∞ –Ω–µ –º–µ–¥–∏—Ü–∏–Ω—Å–∫–∞—è,31.03.2020,https://youla.ru/moskva/krasota-i-zdorove/sredstva-dlya-gigieny/maska-nie-mieditsinskaia-5e834bcbc887e04ecb25dbe1
–ú–∞—Å–∫–∞ –∫–æ–∂–∞–Ω–∞—è,31.03.2020,https://youla.ru/moskva/hehndmejd/aksessuary/maska-kozhanaia-5e834b1ca0995dcf7b4ccfec
–ú–∞—Å–∫–∞ –Ω–µ –º–µ–¥–∏—Ü–∏–Ω—Å–∫–∞—è,31.03.2020,https://youla.ru/moskva/krasota-i-zdorove/sredstva-dlya-gigieny/maska-nie-mieditsinskaia-5e834815074b3e384f49c232
–ú–∞—Å–∫–∏ –∑–∞—â–∏—Ç–Ω—ã–µ –º–Ω–æ–≥–æ—Ä–∞–∑–æ–≤—ã–µ,31.03.2020,https://youla.ru/moskva/krasota-i-zdorove/sredstva-dlya-gigieny/maska-zashchitnaia-mnoghorazovaia-5e7b7301f094f37b090802ab
–ú–∞—Å–∫–∏ –º–Ω–æ–≥–æ—Ä–∞–∑–æ–≤—ã–µ —Ç–∫–∞–Ω–µ–≤—ã–µ,31.03.2020,https://youla.ru/moskva/krasota-i-zdorove/drugoe/maski-mnoghorazovyie-tkanievyie-5e7f2c07b261ff8152259a03
–ú–∞—Å–∫–∏ –∏–∑ –Ω–µ–æ–ø—Ä–µ–Ω–∞ –æ–ø—Ç–æ–º –º–Ω–æ–≥–æ—Ä–∞–∑–æ–≤—ã–µ,31.03.2020,https://youla.ru/moskva/krasota-i-zdorove/sredstva-dlya-gigieny/maski-iz-nieopriena-optom-mnoghorazovyie-5e83402f938000323a6f18f3
–ú–∞—Å–∫–∞ –∑–∞—â–∏—Ç–Ω–∞—è,31.03.2020,https://youla.ru/moskva/krasota-i-zdorove/sredstva-dlya-gigieny/maska-zashchitnaia-5e833b55a0995d776842ea49
–ú–∞—Å–∫–∞ –Ω–µ –º–µ–¥–∏—Ü–∏–Ω—Å–∫–∞—è,31.03.2020,https://youla.ru/moskva/krasota-i-zdorove/medicinskie-tovary/maska-mnoghorazovaia-5e7fcc2cf094f363ad54bbe3
–î–æ—Å—Ç–∞–≤–∫–∞ –ø—Ä–æ–¥—É–∫—Ç–æ–≤ –ø–∏—Ç–∞–Ω–∏—è/–ª–µ–∫–∞—Ä—Å—Ç–≤ –¥–æ –í–∞—à–µ–≥–æ –¥–æ–º–∞,31.03.2020,https://youla.ru/moskva/uslugi/produkty-pitaniya/dostavka-iedy-na-dom-5e833980132ca57c8b1fdce3
–ú–∞—Å–∫–∏ –Ω–µ –º–µ–¥–∏—Ü–∏–Ω—Å–∫–∏–µ,31.03.2020,https://youla.ru/moskva/krasota-i-zdorove/sredstva-dlya-gigieny/maski-nie-mieditsinskiie-5e833884a09cd5360e19209c
–º–∞—Å–∫–∞ –Ω–µ –º–µ–¥–∏—Ü–∏–Ω—Å–∫–∞—è,31.03.2020,https://youla.ru/moskva/krasota-i-zdorove/sredstva-dlya-gigieny/maska-nie-mieditsinskaia-5e83370bc6ab9e39481a0a2a
–°–æ—à—å—é –º–∞—Å–∫–∏,31.03.2020,https://youla.ru/moskva/uslugi/izgotovlenie-na-zakaz/soshiu-maski-5e8333bf2756ba2f7f1fe0d3
–ú–∞—Å–∫–∏ –º–Ω–æ–≥–æ—Ä–∞–∑–≤—ã–µ –∏ –º,31.03.2020,https://youla.ru/moskva/krasota-i-zdorove/sredstva-dlya-gigieny/maski-mnoghorazvyie-i-m-5e82e305cf689a5abc27f0da
–ú–∞—Å–∫–∏ –º–Ω–æ–≥–æ—Ä–∞–∑–æ–≤—ã–µ –Ω–µ –º–µ–¥–∏—Ü–∏–Ω—Å–∫–∏–µ,31.03.2020,https://youla.ru/moskva/krasota-i-zdorove/medicinskie-tovary/maski-mnoghorazovyie-nie-mieditsinskiie-5e7f773df695768f36143078
–ú–∞—Å–∫–∞ –º–Ω–æ–≥–æ—Ä–∞–∑–æ–≤–∞—è –∑–∞—â–∏—Ç–Ω–∞—è –Ω–µ –º–µ–¥–∏—Ü–∏–Ω—Å–∫–∞—è,31.03.2020,https://youla.ru/moskva/muzhskaya-odezhda/specodezhda/maska-mnoghorazovaia-zashchitnaia-nie-mieditsinskaia-5e8326c8a0995d9e7a487fe0
–ú–∞—Å–∫–∞ –∑–∞—â–∏—Ç–Ω–∞—è –º–Ω–æ–≥–æ—Ä–∞–∑–æ–≤–∞—è –Ω–µ –º–µ–¥–∏—Ü–∏–Ω—Å–∫–∞—è,31.03.2020,https://youla.ru/moskva/krasota-i-zdorove/sredstva-dlya-gigieny/maska-zashchitnaia-mnoghorazovaia-nie-mieditsinskaia-5e8331baf2350261b646fbec
–ú–Ω–æ–≥–æ—Ä–∞–∑–æ–≤–∞—è –º–∞—Å–∫–∞ üìÄ(reflective mask),31.03.2020,https://youla.ru/moskva/hehndmejd/aksessuary/svietootrazhaiushchaia-maska-chiekhol-reflective-mask-5e832ee7821a999e34516875
–ú–∞—Å–∫–∏ ¬´–Ω–µ –º–µ–¥–∏—Ü–∏–Ω—Å–∫–∏–µ¬ª –¥–≤—É—Ö—Å–ª–æ–π–Ω—ã–µ 150—à—Ç.,31.03.2020,https://youla.ru/moskva/krasota-i-zdorove/sredstva-dlya-gigieny/zashchitnyie-maski-dvukhsloinyie-150sht-5e832e9413a31e0c8d2b24ff
–ú–∞—Å–∫–∏ ¬´–Ω–µ –º–µ–¥–∏—Ü–∏–Ω—Å–∫–∏–µ¬ª ff2 100—à—Ç.,31.03.2020,https://youla.ru/moskva/krasota-i-zdorove/sredstva-dlya-gigieny/raspirator-ff2-100sht-5e832e189e94ba1e701f5b30
–£–≥–æ–ª—å–Ω–∞—è –º–∞—Å–∫–∞,31.03.2020,https://youla.ru/moskva/krasota-i-zdorove/medicinskie-tovary/ugholnaia-maska-5e832da15eaa9ea5da686159
–ú–∞—Å–∫–∞ –º–µ–¥–∏—Ü–∏–Ω—Å–∫–∞—è –º–Ω–æ–≥–æ—Ä–∞–∑–æ–≤–∞—è –º–∞—Å–∫–∞ –∏–∑ —Ç–∫–∞–Ω–∏,31.03.2020,https://youla.ru/moskva/krasota-i-zdorove/sredstva-dlya-gigieny/maska-mieditsinskaia-mnoghorazovaia-maska-iz-tkani-5e832cee62e1c63aa83f4333
–ú–∞—Å–∫–∞ –Ω–µ –º–µ–¥–∏—Ü–∏–Ω—Å–∫–∞—è,31.03.2020,https://youla.ru/moskva/krasota-i-zdorove/sredstva-dlya-gigieny/maska-nie-mieditsinskaia-5e832bc0c3bdd25d7a158723
–ú–∞—Å–∫–∞ –Ω–µ –º–µ–¥–∏—Ü–∏–Ω—Å–∫–∞—è,31.03.2020,https://youla.ru/moskva/krasota-i-zdorove/sredstva-dlya-gigieny/maska-nie-mieditsinskaia-5e80bfc827a9ab8f6471a563
–ú–∞—Å–∫–∏ ¬´–Ω–µ –º–µ–¥–∏—Ü–∏–Ω—Å–∫–∏–µ¬ª 1000—à—Ç.,31.03.2020,https://youla.ru/moskva/krasota-i-zdorove/sredstva-dlya-gigieny/maski-<<nie-mieditsinskiie>>-1000sht-5e832a49aaab28196f68b583
–ú–∞—Å–∫–∞ –≥–æ—Ä–æ–¥—Å–∫–∞—è –Ω–µ –º–µ–¥,31.03.2020,https://youla.ru/moskva/krasota-i-zdorove/medicinskie-tovary/maska-ghorodskaia-nie-mied-5e832689f69576a08f0ff283
"–ú–∞—Å–∫–∞ –Ω–µ –º–µ–¥–∏—Ü–∏–Ω—Å–∫–∞—è , —Ö–ª–æ–ø–æ–∫",31.03.2020,https://youla.ru/moskva/krasota-i-zdorove/sredstva-dlya-gigieny/maska-nie-mieditsinskaia-khlopok-5e8325374aa7e5ae2b3753df
–ú–∞—Å–∫–∏ –Ω–µ –º–µ–¥–∏—Ü–∏–Ω—Å–∫–∏–µ –º–Ω–æ–≥–æ—Ä–∞–∑–æ–≤—ã–µ,31.03.2020,https://youla.ru/moskva/hehndmejd/aksessuary/maski-nie-mieditsinskiie-mnoghorazovyie-5e83228ed138b32eca0ecd7d
–ú–∞—Å–∫–∞ –Ω–µ –º–µ–¥–∏—Ü–∏–Ω—Å–∫–∞—è,31.03.2020,https://youla.ru/moskva/krasota-i-zdorove/sredstva-dlya-gigieny/maska-nie-mieditsinskaia-5e7de0ccc15ae365c94a84bd
–ú–∞—Å–∫–∏ –Ω–µ –º–µ–¥–∏—Ü–∏–Ω—Å–∫–∏–µ,31.03.2020,https://youla.ru/moskva/krasota-i-zdorove/medicinskie-tovary/maski-nie-mieditsinskiie-5e831a65132ca5a492103e67
–ú–∞—Å–∫–∞ —Ä–µ—Å–ø–∏—Ä–∞—Ç–æ—Ä –Ω–µ –º–µ–¥–∏—Ü–∏–Ω—Å–∫–∞—è,31.03.2020,https://youla.ru/moskva/krasota-i-zdorove/sredstva-dlya-gigieny/maska-riespirator-nie-mieditsinskaia-5e81fe70132ca59b346c0f93
–ú–∞—Å–∫–∞-–Ω–µ –º–µ–¥–∏—Ü–∏–Ω—Å–∫–∞—è,31.03.2020,https://youla.ru/moskva/krasota-i-zdorove/uhod-za-licom/maski-3m-nie-mieditsinskaia-5e80b781ec985544d57fb039
–ú–∞—Å–∫–∏ –Ω–µ –º–µ–¥–∏—Ü–∏–Ω—Å–∫–∏–µ,31.03.2020,https://youla.ru/moskva/uslugi/krasota-zdorove/maski-nie-mieditsinskiie-5e831c3bf202637d8d55419f
–ú–∞—Å–∫–∞üò∑ –º–µ–¥–∏—Ü–∏–Ω—Å–∫–∞—è 3M,31.03.2020,https://youla.ru/moskva/krasota-i-zdorove/medicinskie-tovary/maski-ffp2-5e81a8e6a0995d9b6e03f62a
"–ü—Ä–æ–¥–∞—é –¥—ã—Ö–∞—Ç–µ–ª—å–Ω—ã–π –∞–ø–ø–∞—Ä–∞—Ç —Å –∏–Ω–≥–∞–ª—è—Ç–æ—Ä–æ–º, –ì–µ—Ä–º–∞–Ω–∏—è",31.03.2020,https://youla.ru/moskva/krasota-i-zdorove/medicinskie-tovary/prodaiu-dykhatielnyi-apparat-s-inghaliatorom-giermaniia-5e8315c6074b3e63a6458a83
–ú–∞—Ä–ª—è –º–µ–¥–∏—Ü–∏–Ω—Å–∫–∞—è –≤ —Ä—É–ª–æ–Ω–µ,31.03.2020,https://youla.ru/moskva/krasota-i-zdorove/medicinskie-tovary/marlia-mieditsinskaia-v-rulonie-5e830cb16c4b441a424188c1
–ú–∞—Å–∫–∞ –∑–∞—â–∏—Ç–Ω–∞—è –º–Ω–æ–≥–æ—Ä–∞–∑–æ–≤–∞—è,31.03.2020,https://youla.ru/moskva/krasota-i-zdorove/medicinskie-tovary/maska-zashchitnaia-mnoghorazovaia-5e8310c13f53c41e832ee52a
–ú–∞—Å–∫–∞ –∑–∞—â–∏—Ç–Ω–∞—è –º–Ω–æ–≥–æ—Ä–∞–∑–æ–≤–∞—è,31.03.2020,https://youla.ru/moskva/krasota-i-zdorove/sredstva-dlya-gigieny/maska-zashchitnaia-mnoghorazovaia-5e830bf9e7696a2fa650cb08
–ú–∞—Å–∫–∞ –∑–∞—â–∏—Ç–Ω–∞—è –Ω–µ–æ–ø—Ä–µ–Ω–æ–≤–∞—è –æ—Ä–∏–≥–∏–Ω–∞–ª—å–Ω–∞—è,31.03.2020,https://youla.ru/moskva/zhenskaya-odezhda/drugoe/maska-zashchitnaia-nieoprienovaia-orighinalnaia-5e830bdfeef141d8c91774bd
–ú–Ω–æ–≥–æ—Ä–∞–∑–æ–≤—ã–µ –º–∞—Å–∫–∏ –∏–∑ –Ω–µ–æ–ø—Ä–µ–Ω–∞,31.03.2020,https://youla.ru/moskva/krasota-i-zdorove/sredstva-dlya-gigieny/mnoghorazovyie-maski-iz-nieopriena-5e808d5cf8efdc58a6722eeb
–ú–∞—Å–∫–∏ –º–Ω–æ–≥–æ—Ä–∞–∑–æ–≤—ã–µ –Ω–µ –º–µ–¥–∏—Ü–∏–Ω—Å–∫–∞—è,31.03.2020,https://youla.ru/moskva/krasota-i-zdorove/sredstva-dlya-gigieny/maski-mnoghorazovyie-nie-miedietsinskaia-5e7dba9ebedcc540f409a6f7
–ú–Ω–æ–≥–æ—Ä–∞–∑–æ–≤–∞—è –Ω–µ –º–µ–¥–∏—Ü–∏–Ω—Å–∫–∞—è –º–∞—Å–∫–∞,31.03.2020,https://youla.ru/moskva/krasota-i-zdorove/medicinskie-tovary/mnoghorazovaia-nie-mieditsinskaia-maska-5e81a378aaab281228723913
–°—Ç–∞–Ω–æ–∫ –¥–ª—è –∏–∑–≥–æ—Ç–æ–≤–ª–µ–Ω–∏–µ –º–∞—Å–æ–∫,31.03.2020,https://youla.ru/moskva/remont-i-stroitelstvo/ehlektroinstrumenty/stanok-dlia-izghotovlieniie-masok-5e820c3d6c4b44255376d543
–ú–∞—Å–∫–∞ –∏–∑ 100% –∫–∞—á–µ—Å—Ç–≤–µ–Ω–Ω–æ–≥–æ —Ö–ª–æ–ø–∫–∞(–Ω–µ –º–µ–¥–∏—Ü–∏–Ω—Å–∫–∞—è),31.03.2020,https://youla.ru/moskva/krasota-i-zdorove/medicinskie-tovary/maska-iz-100-kachiestviennogho-khlopkanie-mieditsinskaia-5e830299f56795073f01aa09
–ú–Ω–æ–≥–æ—Ä–∞–∑–æ–≤–∞—è –º–∞—Å–∫–∞ –∏–∑ –Ω–µ–æ–ø—Ä–µ–Ω–∞,31.03.2020,https://youla.ru/moskva/krasota-i-zdorove/sredstva-dlya-gigieny/mnoghorazovaia-maska-iz-nieopriena-5e83022d5eaa9e4829563dba
–ú–∞—Å–∫–∞ –∑–∞—â–∏—Ç–Ω–∞—è (–º–Ω–æ–≥–æ—Ä–∞–∑–æ–≤–∞—è),31.03.2020,https://youla.ru/moskva/krasota-i-zdorove/sredstva-dlya-gigieny/maska-zashchitnaia-mnoghorazovaia-5e8301296c4b4462c62b0398
–†–µ—Å–ø–∏—Ä–∞—Ç–æ—Ä —Ä–∏–º-67 FFP-3 —Ñ—Ñ–ø-3 –º–∞—Å–∫–∞ —Ä–ø–≥-67 –∞–≤–µ–∫ 3–ú,31.03.2020,https://youla.ru/moskva/dom-dacha/drugoe/riespirator-rim67-ffp3-ffp3-maska-rpgh67-aviek-3m-5e8300253f53c46e88117ec5
–ú–∞—Å–∫–∏ –º–µ–¥–∏—Ü–∏–Ω—Å–∫–∏–µ,31.03.2020,https://youla.ru/moskva/krasota-i-zdorove/medicinskie-tovary/maski-mieditsinskiie-5e82042ac887e0d3c2266303
–ú–µ–¥–∏—Ü–∏–Ω—Å–∫–∏–µ –º–∞—Å–∫–∏,31.03.2020,https://youla.ru/moskva/krasota-i-zdorove/sredstva-dlya-gigieny/mieditsinskiie-maski-5e82fc4427a9abbd9b0ce123
–ú–∞—Å–∫–∏ –º–µ–¥–∏—Ü–∏–Ω—Å–∫–∏–µ,31.03.2020,https://youla.ru/moskva/prochee/drugoe/maski-nieoprienovyie-5e82fbcdcf2045b05b29e293
–ú–∞—Å–∫–∞ –º–Ω–æ–≥–æ—Ä–∞–∑–æ–≤–∞—è (–Ω–µ –º–µ–¥–∏—Ü–∏–Ω—Å–∫–∞—è),31.03.2020,https://youla.ru/moskva/krasota-i-zdorove/medicinskie-tovary/maska-mnoghorazovaia-nie-mieditsinskaia-5e82f7ee074b3e5d4d03bbd3
–ú–∞—Å–∫–∏(—Ü–µ–Ω–∞ –∑–∞ 6 —à—Ç)–¥–æ—Å—Ç–∞–≤–∫–∞ –±–µ—Å–ø–ª–∞—Ç–Ω–∞—è!,31.03.2020,https://youla.ru/moskva/krasota-i-zdorove/sredstva-dlya-gigieny/maska-tsiena-za-6-sht-5e7f31d8ec985591ae4809f3
–ú–∞—Å–∫–∞ –º–Ω–æ–≥–æ—Ä–∞–∑–æ–≤–∞—è,31.03.2020,https://youla.ru/moskva/krasota-i-zdorove/sredstva-dlya-gigieny/maska-mnoghorazovaia-5e81a29da0660656237088f9
–ú–∞—Å–∫–∞ —Å—Ç–∏–ª—å–Ω–∞—è –Ω–µ –º–µ–¥–∏—Ü–∏–Ω—Å–∫–∞—è,31.03.2020,https://youla.ru/moskva/krasota-i-zdorove/sredstva-dlya-gigieny/maska-udobnaia-stilnaia-nie-mieditsinskaia-5e82f04b2756ba20d679fccc
–õ–∞–±–æ—Ä–∞—Ç–æ—Ä–Ω—ã–µ –º–µ–¥–∏—Ü–∏–Ω—Å–∫–∏–µ –º–∞—Å–∫–∏-—Ä–µ—Å–ø–∏—Ä–∞—Ç–æ—Ä—ã,31.03.2020,https://youla.ru/moskva/krasota-i-zdorove/sredstva-dlya-gigieny/laboratornyie-mieditsinskiie-maskiriespiratory-5e82f0166c86cb1eb42e4528
–ú–∞—Å–∫–∏ –Ω–µ –º–µ–¥–∏—Ü–∏–Ω—Å–∫–∏–µ –º–Ω–æ–≥–æ—Ä–∞–∑–æ–≤—ã–µ,31.03.2020,https://youla.ru/moskva/krasota-i-zdorove/sredstva-dlya-gigieny/maski-nie-mieditsinskiie-mnoghorazovyie-5e8067b680e08e1760078c46
–ú–∞—Å–∫–∞ –æ—Ç —Å–∞–º–æ–≥–æ Sub Zero —É–≥–æ–ª—å–Ω–∞—è –º–∞—Å–∫–∞,31.03.2020,https://youla.ru/moskva/krasota-i-zdorove/medicinskie-tovary/maska-ot-samogho-sub-zero-5e82eb8d3f53c42f53097ec1
–ú–∞—Å–∫–∏ –Ω–µ –º–µ–¥–∏—Ü–∏–Ω—Å–∫–∏–µ. –†—É—á–Ω–∞—è —Ä–∞–±–æ—Ç–∞.,31.03.2020,https://youla.ru/moskva/krasota-i-zdorove/medicinskie-tovary/maski-nie-mieditsinskiie-ruchnaia-rabota-5e823a8d0fff815c02295c53
–ù–µ –ú–µ–¥ –ú–∞—Å–∫–∏,31.03.2020,https://youla.ru/moskva/krasota-i-zdorove/manikyur-pedikyur/nie-mied-maski-5e82e000f5679506497eb883
–ú–Ω–æ–≥–æ—Ä–∞–∑–æ–≤—ã–µ –º–∞—Å–∫–∏,31.03.2020,https://youla.ru/moskva/krasota-i-zdorove/sredstva-dlya-gigieny/mnoghorazovyie-maski-5e82df4dcf20451205059bf3
"–î–µ–∫–æ—Ä–∞—Ç–∏–≤–Ω—ã–µ, –¥–∏–∑–∞–π–Ω–µ—Ä—Å–∫–∏–µ –º–∞—Å–∫–∏",31.03.2020,https://youla.ru/moskva/zhenskaya-odezhda/drugoe/diekorativnyie-dizainierskiie-maski-5e7bc1cc9f3599be9b53c343
–ú–∞—Å–∫–∏ –¥–ª—è –ª–∏—Ü–∞,31.03.2020,https://youla.ru/moskva/krasota-i-zdorove/medicinskie-tovary/maski-dlia-litsa-5e7affd42c593e24bd430b3a
–ú–∞—Å–∫–∞ –Ω–µ –º–µ–¥–∏—Ü–∏–Ω—Å–∫–∞—è,31.03.2020,https://youla.ru/moskva/prochee/drugoe/maska-nie-mieditsinskaia-5e806cbb9e94ba11652bbd71
"–ú–µ–¥–∏—Ü–∏–Ω—Å–∫–∏–µ –ø–µ—Ä—á–∞—Ç–∫–∏ –Ω–µ–æ–ø—É–¥—Ä–µ–Ω—ã–µ —Ä–∞–∑–º–µ—Ä S, M, L",31.03.2020,https://youla.ru/moskva/krasota-i-zdorove/sredstva-dlya-gigieny/mieditsinskiie-pierchatki-nieopudrienyie-razmier-s-m-l-5e7dc0c3f5679505484ecac3
–ú–∞—Å–∫–∞ –º–Ω–æ–≥–æ—Ä–∞–∑–æ–≤–∞—è –∫—Ä—É—Ç–∞—è,31.03.2020,https://youla.ru/moskva/hehndmejd/aksessuary/maska-mnoghorazovaia-krutaia-5e7ff642f8efdc3ed946ce33
–ú–∞—Å–∫–∞ –º–Ω–æ–≥–æ—Ä–∞–∑–æ–≤–∞—è –Ω–µ –º–µ–¥–∏—Ü–∏–Ω—Å–∫–∞—è,31.03.2020,https://youla.ru/moskva/krasota-i-zdorove/medicinskie-tovary/raspirator-mieditsinskii-5e7dcd2f5eaa9ea5d962956c
"–ü–æ—à–∏–≤ –º–µ–¥–∏—Ü–∏–Ω—Å–∫–∏—Ö –º–Ω–æ–≥–æ—Ä–∞–∑–æ–≤—ã—Ö –º–∞—Å–æ–∫, —Ö–∞–ª–∞—Ç–æ–≤",31.03.2020,https://youla.ru/moskva/uslugi/izgotovlenie-na-zakaz/poshiv-mieditsinskikh-mnoghorazovykh-masok-khalatov-5e826808d6775067a829bc7c
–ú–∞—Å–∫–∏ –Ω–∞ –ª–∏—Ü–æ –æ—Ç –≤–∏—Ä—É—Å–æ–≤,31.03.2020,https://youla.ru/moskva/krasota-i-zdorove/medicinskie-tovary/maski-na-litso-ot-virusov-5e82624abd36c057a428fb33
–ú–∞—Å–∫–∞ –Ω–µ –º–µ–¥–∏—Ü–∏–Ω—Å–∫–∞—è,31.03.2020,https://youla.ru/moskva/krasota-i-zdorove/sredstva-dlya-gigieny/maska-nie-mieditsinskaia-5e7f702f2138bb398e382763
–ì–æ—Ç–æ–≤—ã–π —Å–∞–π—Ç –ø–æ –º–µ–¥–∏—Ü–∏–Ω—Å–∫–∏–º –º–∞—Å–∫–∞–º –æ–ø—Ç/—Ä–æ–∑–Ω–∏—Ü–∞,30.03.2020,https://youla.ru/moskva/uslugi/kompyuternye/gotovyi-sait-po-mieditsinskim-maskam-optroznitsa-5e825b26c15ae3de725ecf9d
–ú–∞—Å–∫–∏ –∑–∞—â–∏—Ç–Ω—ã–µ –º–Ω–æ–≥–æ—Ä–∞–∑–æ–≤—ã–µ,30.03.2020,https://youla.ru/moskva/hehndmejd/aksessuary/maski-zashchitnyie-mnoghorazovyie-5e812e55aaab28939d5d5fbc
–ú–∞—Å–∫–∞ –Ω–µ –º–µ–¥–∏—Ü–∏–Ω—Å–∫–∞—è,30.03.2020,https://youla.ru/moskva/krasota-i-zdorove/medicinskie-tovary/maska-nie-mieditsinskaia-5e824bc562e1c61bf444ce53
–¢–∫–∞–Ω—å –¥–ª—è –º–µ–¥–∏—Ü–∏–Ω—Å–∫–∏—Ö –º–∞—Å–æ–∫ —Å–∏–Ω—è—è. —Å–ø–∞–Ω–±–æ–Ω–¥ —Å–º—Å,30.03.2020,https://youla.ru/moskva/krasota-i-zdorove/medicinskie-tovary/tkan-dlia-mieditsinskikh-masok-siniaia-za-mietr-5e824a6b62e1c6209475ae93
–¢–∫–∞–Ω—å –¥–ª—è –º–µ–¥–∏—Ü–∏–Ω—Å–∫–∏—Ö –º–∞—Å–æ–∫ —á–µ—Ä–Ω–æ–≥–æ —Ü–≤–µ—Ç–∞ –ú–æ—Å–∫–≤–∞,30.03.2020,https://youla.ru/moskva/krasota-i-zdorove/drugoe/tkan-dlia-mieditsinskikh-masok-chiernogho-tsvieta-moskva-5e8249da4f1bc04bff181abf
–ú–∞—Å–∫–∞ –¥–ª—è –ª–∏—Ü–∞,30.03.2020,https://youla.ru/moskva/krasota-i-zdorove/medicinskie-tovary/maska-dlia-litsa-5e810332f235025d59141e83
–ú–∞—Å–∫–∞ –º–Ω–æ–≥–æ—Ä–∞–∑–æ–≤–∞—è —á–µ—Ä–Ω–∞—è,30.03.2020,https://youla.ru/moskva/krasota-i-zdorove/medicinskie-tovary/maska-mnoghorazovaia-chiernaia-5e824519132ca57a607e6683
–ú–∞—Å–∫–∞ –∑–∞—â–∏—Ç–Ω–∞—è,30.03.2020,https://youla.ru/moskva/krasota-i-zdorove/medicinskie-tovary/maska-zashchitnaia-5e82476c2756ba38eb6bc6c3
–ü–æ–ª—É–º–∞—Å–∫–∏ –£-2–ö FFP2 –Ω–æ–≤—ã–µ. –ö–ª–∞—Å—Å –∑–∞—â–∏—Ç—ã 2,30.03.2020,https://youla.ru/moskva/remont-i-stroitelstvo/drugoe/polumaska-u2k-novaia-5e8246bc34e1905c8b79b103
–º–∞—Å–∫–∞ –Ω–µ –º–µ–¥–∏—Ü–∏–Ω—Å–∫–∞—è,30.03.2020,https://youla.ru/moskva/krasota-i-zdorove/sredstva-dlya-gigieny/maska-nie-mieditsinskaia-5e823a4c4f1bc0dbfc7f74e2
–ù–µ –ú–µ–¥–∏—Ü–∏–Ω—Å–∫–∏–µ –ú–∞—Å–∫–∏,30.03.2020,https://youla.ru/moskva/krasota-i-zdorove/sredstva-dlya-gigieny/nie-mieditsinskiie-maski-5e823780dbdf0f95b9340af8
–ú–∞—Å–∫–∞ –º–Ω–æ–≥–æ—Ä–∞–∑–æ–≤–∞—è (–Ω–µ –º–µ–¥–∏—Ü–∏–Ω—Å–∫–∞—è),30.03.2020,https://youla.ru/moskva/krasota-i-zdorove/medicinskie-tovary/maska-mnoghorazovaia-nie-mieditsinskaia-5e82339866fb0792c74ce0a3
–†–µ–∑–∏–Ω–∫–∞ –¥–ª—è –º–µ–¥–∏—Ü–∏–Ω—Å–∫–∏—Ö –º–∞—Å–æ–∫ 10–º–º,30.03.2020,https://youla.ru/moskva/krasota-i-zdorove/medicinskie-tovary/riezinka-dlia-mieditsinskikh-masok-5mm-5e8231d7df53401f4744fc7e
–ú–∞—Å–∫–∞ –Ω–µ –º–µ–¥–∏—Ü–∏–Ω—Å–∫–∞—è,30.03.2020,https://youla.ru/moskva/krasota-i-zdorove/sredstva-dlya-gigieny/maska-5e822f0c65bcf16bf619d1b3
–ú–∞—Å–∫–∞ –¥–ª—è –ª–∏—Ü–∞ –Ω–µ –º–µ–¥–∏—Ü–∏–Ω—Å–∫–∞—è,30.03.2020,https://youla.ru/moskva/krasota-i-zdorove/medicinskie-tovary/maska-dlia-litsa-baktieritsidnaia-5e7c93199e94ba35a009a807
–†–µ–∑–∏–Ω–∫–∞ –¥–ª—è –º–µ–¥–∏—Ü–∏–Ω—Å–∫–∏—Ö –º–∞—Å–æ–∫,30.03.2020,https://youla.ru/moskva/hobbi-razvlecheniya/materialy-dlya-tvorchestva/riezinka-dlia-mieditsinskikh-masok-5e8113be62e1c67e44263609
–ú–∞—Å–∫–∞ –º–µ–¥–∏—Ü–∏–Ω—Å–∫–∞—è( –º–Ω–æ–≥–æ—Ä–∞–∑–æ–≤–∞—è),30.03.2020,https://youla.ru/moskva/krasota-i-zdorove/medicinskie-tovary/maski-mieditsinskiie-chiornyie-5e822138b5fc2d0dcb66b180
–ú–∞—Å–∫–∏ –Ω–µ –º–µ–¥–∏—Ü–∏–Ω—Å–∫–∏–µ,30.03.2020,https://youla.ru/moskva/krasota-i-zdorove/sredstva-dlya-gigieny/maski-nie-mieditsinskiie-5e822091074b3e3a7c0a44f9
–†–µ—Å–ø–∏—Ä–∞—Ç–æ—Ä –£-2–ö FFP1 –ù–æ–≤—ã–π. –ö–ª–∞—Å—Å –∑–∞—â–∏—Ç—ã 1,30.03.2020,https://youla.ru/moskva/remont-i-stroitelstvo/drugoe/riespirator-u2k-novyi-5e821dfd1bee2b79c51dd2e3
"–ú–∞—Å–∫–∞ –º–∞—Ä–ª–µ–≤–∞—è, –º–Ω–æ–≥–æ—Ä–∞–∑–æ–≤–∞—è, –º–æ–∂–Ω–æ —Å—Ç–∏—Ä–∞—Ç—å",30.03.2020,https://youla.ru/moskva/krasota-i-zdorove/sredstva-dlya-gigieny/maska-marlievaia-ot-100-ied-5e821d95bd36c01d7203a154
–¢–∫–∞–Ω–µ–≤—ã–µ –¥–≤—É—Ö—Å–ª–æ–π–Ω—ã–µ –º–∞—Å–∫–∏ –¥–ª—è –ª–∏—Ü–∞,30.03.2020,https://youla.ru/moskva/krasota-i-zdorove/medicinskie-tovary/tkanievyie-dvukhsloinyie-maski-dlia-litsa-5e821aba02a558478a0151eb
–ú–ê–°–ö–ò –î–õ–Ø –õ–ò–¶–ê,30.03.2020,https://youla.ru/moskva/krasota-i-zdorove/sredstva-dlya-gigieny/maski-dlia-litsa-5e8203e785e9d24a5c03fb88
–ó–∞—â–∏—Ç–Ω–∞—è –º–∞—Å–∫–∞ –∏–∑ –Ω–µ–æ–ø—Ä–µ–Ω–∞,30.03.2020,https://youla.ru/moskva/zhenskaya-odezhda/aksessuary/zashchitnaia-maska-iz-nieopriena-5e821856e7696a707f015003
–ú–∞—Å–∫–∏ –∏–∑ —Ç–∫–∞–Ω–∏ –º–Ω–æ–≥–æ—Ä–∞–∑–æ–≤—ã–µ.–º–∞—Å–∫–∏ –º–µ–¥–∏—Ü–∏–Ω—Å–∫–∏–µ,30.03.2020,https://youla.ru/moskva/krasota-i-zdorove/medicinskie-tovary/maski-iz-tkani-mnoghorazovyiemaski-mieditsinskiie-5e82164066fb0706316331b3
–ú–∞—Å–∫–∏ –¥–ª—è –ª–∏—Ü–∞,30.03.2020,https://youla.ru/moskva/krasota-i-zdorove/uhod-za-licom/maski-dlia-litsa-5e808400e7696a22a61aed5e
–ú–∞—Å–∫–∏ –¥–ª—è –ª–∏—Ü–∞,30.03.2020,https://youla.ru/moskva/krasota-i-zdorove/uhod-za-licom/maski-dlia-litsa-5e8084952c593e3adb7fee8d
–ú–Ω–æ–≥–æ—Ä–∞–∑–æ–≤–∞—è –º–µ–¥–∏—Ü–∏–Ω—Å–∫–∞—è –º–∞—Å–∫–∞-—Ä–µ—Å–ø–∏—Ä–∞—Ç–æ—Ä,30.03.2020,https://youla.ru/moskva/krasota-i-zdorove/sredstva-dlya-gigieny/mnoghorazovaia-mieditsinskaia-maskariespirator-5e820cb3bd36c06090136c53
–ú–∞—Å–∫–∞,30.03.2020,https://youla.ru/moskva/hehndmejd/aksessuary/maska-5e820cae226e482d3a4a0a13
–ú–ê–°–ö–ò –ó–ê–©–ò–¢–ù–´–ï –î–õ–Ø –õ–ò–¶–ê,30.03.2020,https://youla.ru/moskva/krasota-i-zdorove/sredstva-dlya-gigieny/maski-zashchitnyie-dlia-litsa-5e81f4a2a0995d43597d4f2f
–ú–∞—Å–∫–∏ –∑–∞—â–∏—Ç–Ω—ã–µ –ª—É—á—à–µ —á–µ–º 3–º,30.03.2020,https://youla.ru/moskva/hehndmejd/aksessuary/maski-zashchitnyie-luchshie-chiem-3m-5e8208934f1bc04e63327e83
–ú–∞—Å–∫–∏ –Ω–µ –º–µ–¥–∏—Ü–∏–Ω—Å–∫–∏–µ,30.03.2020,https://youla.ru/moskva/hehndmejd/aksessuary/maski-zashchitnyie-5e820813a0660607fd5174bb
–ú–∞—Å–∫–∞-–ø–æ–≤—è–∑–∫–∞,30.03.2020,https://youla.ru/moskva/zhenskaya-odezhda/aksessuary/maskapoviazka-5e8205e2a09cd590ad07eba4
–†–µ–∑–∏–Ω–∫–∏ –¥–ª—è –º–µ–¥–∏—Ü–∏–Ω—Å–∫–∏—Ö –º–∞—Å–æ–∫,30.03.2020,https://youla.ru/moskva/krasota-i-zdorove/drugoe/riezinki-dlia-mieditsinskikh-masok-5e8204aacf689a55091301d3
–º–∞—Å–∫–∞,30.03.2020,https://youla.ru/moskva/krasota-i-zdorove/medicinskie-tovary/maska-5e8204a4f69576d69a507223
–ú–∞—Å–∫–∏,30.03.2020,https://youla.ru/moskva/krasota-i-zdorove/medicinskie-tovary/maski-5e81792a85e9d28594173ff3
–†–µ—Å–ø–∏—Ä–∞—Ç–æ—Ä –ê–ª–∏–Ω–∞ 310 FFP3,30.03.2020,https://youla.ru/moskva/muzhskaya-odezhda/specodezhda/riespirator-alina-316-5e81fb1b9380005d77551d42
–ú–∞—Å–∫–∞ –∫—Ä–∞—Å–Ω–∞—è –∑–∞—â–∏—Ç–Ω–∞—è –Ω–µ –º–µ–¥–∏—Ü–∏–Ω—Å–∫–∞—è –º–Ω–æ–≥–æ—Ä–∞–∑–æ–≤–∞—è,30.03.2020,https://youla.ru/moskva/zhenskaya-odezhda/aksessuary/maska-krasnaia-zashchitnaia-nie-mieditsinskaia-mnoghorazovaia-5e81faebf23502880e06ac33
–ú–Ω–æ–≥–æ—Ä–∞–∑–æ–≤–∞—è –Ω–µ –º–µ–¥–∏—Ü–∏–Ω—Å–∫–∞—è –º–∞—Å–∫–∞ –¥–ª—è –ª–∏—Ü–∞,30.03.2020,https://youla.ru/moskva/krasota-i-zdorove/sredstva-dlya-gigieny/mnoghorazovaia-nie-mieditsinskaia-maska-dlia-litsa-5e81e94ecf2045d8bc36f663
–í–µ—Å–µ–ª—ã–µ –ê–Ω–∏–º–∞—Ç–æ—Ä—ã –Ω–∞ –ü—Ä–∞–∑–¥–Ω–∏–∫;) –í—Å–µ –ø–µ—Ä—Å–æ–Ω–∞–∂–∏;),30.03.2020,https://youla.ru/moskva/uslugi/organizaciya-prazdnikov/viesielyie-animatory-na-prazdnik-vsie-piersonazhi-5de100e9c6ab9e8b3330df97
–ú–∞—Å–∫–∞ –∑–∞—â–∏—Ç–Ω–∞—è,30.03.2020,https://youla.ru/moskva/muzhskaya-odezhda/aksessuary/maska-zashchitnaia-5e81e89a3f53c443ad7aea5c
–ú–∞—Å–∫–∞ –∑–∞—â–∏—Ç–Ω–∞—è,30.03.2020,https://youla.ru/moskva/zhenskaya-odezhda/aksessuary/maska-zashchitnaia-5e81e8000fff81a97b1c3986
–†–µ—Å–ø–∏—Ä–∞—Ç–æ—Ä –†–ò–ú-67 FFP-3 —Ñ—Ñ–ø-3 –º–∞—Å–∫–∞ —Ä–ø–≥-67 –ê–í–ï–ö,30.03.2020,https://youla.ru/moskva/remont-i-stroitelstvo/drugoe/riespirator-rim67-ffp3-ffp3-maska-rpgh67-aviek-5e81e6cd27a9abc1ff0b3a03
–ú–∞—Å–∫–∏ –Ω–µ –º–µ–¥–∏—Ü–∏–Ω—Å–∫–∏–µ 100% —Ö–ª–æ–ø–æ–∫ –¥–ª—è –∑–∞—â–∏—Ç—ã –ª–∏—Ü–∞,30.03.2020,https://youla.ru/moskva/krasota-i-zdorove/sredstva-dlya-gigieny/maska-nie-mieditsinskaia-khb-dlia-zashchity-litsa-5e81e5e80fff81c8b94fdeb7
"–ú–∞—Å–∫–∞ –∑–∞—â–∏—Ç–Ω–∞—è , –Ω–µ –º–µ–¥–∏—Ü–∏–Ω—Å–∫–∞—è!",30.03.2020,https://youla.ru/moskva/krasota-i-zdorove/sredstva-dlya-gigieny/maska-zashchitnaia-nie-mieditsinskaia-5e7f0eb8f567957bb27d6f57
–ú–∞—Å–∫–∏ –Ω–∞ –∑–∞–∫–∞–∑,30.03.2020,https://youla.ru/moskva/hehndmejd/aksessuary/maski-na-zakaz-5e8095e402a55870bd6416f8
–ú–∞—Å–∫–∞,30.03.2020,https://youla.ru/moskva/krasota-i-zdorove/sredstva-dlya-gigieny/maska-5e81da9cb5fc2d0af732304b
–ú–∞—Å–∫–∏ –Ω–µ –º–µ–¥–∏—Ü–∏–Ω—Å–∫–∏–µ –∞–Ω—Ç–∏–±–∞–∫–µ—Ä–∏–∞–ª—å–Ω—ã–µ –º–Ω–æ–≥–æ—Ä–∞–∑–æ–≤—ã–µ,30.03.2020,https://youla.ru/moskva/krasota-i-zdorove/sredstva-dlya-gigieny/maski-nie-mieditsinskiie-antibakierialnyie-mnoghorazovyie-5e80b962b261ff803e6eb9ad
–ú–∞—Å–∫–∞ –∑–∞—â–∏—Ç–Ω–∞—è –º–Ω–æ–≥–æ—Ä–∞–∑–æ–≤–∞—è ( –Ω–µ –º–µ–¥–∏—Ü–∏–Ω—Å–∫–∞—è ),30.03.2020,https://youla.ru/moskva/krasota-i-zdorove/sredstva-dlya-gigieny/maska-nie-mieditsinskaia-5e81d607b261ff090578b0c3
–ú–∞—Å–∫–∞-–Ω–µ –º–µ–¥–∏—Ü–∏–Ω—Å–∫–∞—è,30.03.2020,https://youla.ru/moskva/krasota-i-zdorove/sredstva-dlya-gigieny/maskanie-mieditsinskaia-5e7b74e676bdc238450fcede
–ú–∞—Å–∫–∞ –¥–ª—è –ø–æ–ª–Ω–æ–π –∑–∞—â–∏—Ç—ã –ª–∏—Ü–∞,30.03.2020,https://youla.ru/moskva/krasota-i-zdorove/medicinskie-tovary/maska-dlia-polnoi-zashchity-litsa-5e81cc9c132ca5408929acce
–ú–∞—Å–∫–∞,30.03.2020,https://youla.ru/moskva/remont-i-stroitelstvo/strojmaterialy/maska-5e7646466c4b44c1301d1c73
–ú–∞—Å–∫–∞,30.03.2020,https://youla.ru/moskva/hehndmejd/drugoe/maska-mnoghorazovaia-5e81ca0dd138b3b81a3543d8
–ú–∞—Å–∫–∞ –º–Ω–æ–≥–æ—Ä–∞–∑–æ–≤–∞—è –æ—Ç –±–∞–∫—Ç–µ—Ä–∏–π –∏ –≤–∏—Ä—É—Å–æ–≤,30.03.2020,https://youla.ru/moskva/krasota-i-zdorove/medicinskie-tovary/maska-mnoghorazovaia-nie-mieditsinskaia-5e7a2afccf20455c4b78ca33
–ú–∞—Å–∫–∏ –Ω–µ –º–µ–¥–∏—Ü–∏–Ω—Å–∫–∏–µ –∞–Ω—Ç–∏–±–∞–∫—Ç–µ—Ä–∏–∞–ª—å–Ω—ã–µ –º–Ω–æ–≥–æ—Ä–∞–∑–æ–≤—ã,30.03.2020,https://youla.ru/moskva/krasota-i-zdorove/sredstva-dlya-gigieny/maski-nie-mieditsinskiie-antibaktierialnyie-mnoghorazovy-5e81c18a4aa7e536753921cf
–ú–∞—Å–∫–∞ –∏–∑ 100% —Ö–ª–æ–ø–∫–∞(–Ω–µ –º–µ–¥–∏—Ü–∏–Ω—Å–∫–∞—è),30.03.2020,https://youla.ru/moskva/krasota-i-zdorove/medicinskie-tovary/maska-iz-100-khlopkanie-mieditsinskaia-5e81c0d422a449ae280a52b3
–ú–∞—Å–∫–∞ –º–Ω–æ–≥–æ—Ä–∞–∑–æ–≤–∞—è,30.03.2020,https://youla.ru/moskva/krasota-i-zdorove/sredstva-dlya-gigieny/maska-mnoghorazovaia-5e81c06ad138b39846005163
–ú–∞—Å–∫–∏ –º–Ω–æ–≥–æ—Ä–∞–∑–æ–≤—ã–µ,30.03.2020,https://youla.ru/moskva/krasota-i-zdorove/drugoe/maski-mnoghorazovyie-5e81b85e1bee2b07b1225dda
–ú–∞—Å–∫–∞ –º–Ω–æ–≥–æ—Ä–∞–∑–æ–≤–∞—è,30.03.2020,https://youla.ru/moskva/krasota-i-zdorove/medicinskie-tovary/maska-mnoghorazovaia-5e81b7dbbedcc50af72be8e9
–ú–∞—Å–∫–∞ –º–Ω–æ–≥–æ—Ä–∞–∑–æ–≤–æ–≥–æ –∏–∑–ø–æ–ª—å–∑–æ–≤–∞–Ω–∏—è (–Ω–µ –º–µ–¥–∏—Ü–∏–Ω—Å–∫–∞—è),30.03.2020,https://youla.ru/moskva/krasota-i-zdorove/medicinskie-tovary/maska-mnoghorazovogho-izpolzovaniia-nie-miedinskaia-5e7e0568821a998a07415cfe
–°–∞–π—Ç –¥–ª—è –º–µ–¥–∏—Ü–∏–Ω—Å–∫–∏—Ö –º–∞—Å–æ–∫ + –†–µ–∫–ª–∞–º–∞,30.03.2020,https://youla.ru/moskva/uslugi/kompyuternye/sait-dlia-mieditsinskikh-masok-+-rieklama-5e81b25866fb078e3e29f023
–ú–∞—Å–∫–∞ –Ω–µ –º–µ–¥–∏—Ü–∏–Ω—Å–∫–∞—è,30.03.2020,https://youla.ru/moskva/krasota-i-zdorove/medicinskie-tovary/maska-nie-mieditsinskaia-5e7ef39dbd36c097f54caf4b
–ú–∞—Å–∫–∏ –ú–Ω–æ–≥–æ—Ä–∞–∑–æ–≤—ã–µ (–ù–ï –º–µ–¥–∏—Ü–∏–Ω—Å–∫–∏–µ),30.03.2020,https://youla.ru/moskva/krasota-i-zdorove/medicinskie-tovary/maski-mnoghorazovyie-nie-mieditsinskiie-5e81af835eaa9e6bed51cc4e
–ú–∞—Å–∫–∏ –º–Ω–æ–≥–æ—Ä–∞–∑–æ–≤—ã–µ ( –Ω–µ –º–µ–¥–∏—Ü–∏–Ω—Å–∫–∏–µ ),30.03.2020,https://youla.ru/moskva/krasota-i-zdorove/sredstva-dlya-gigieny/maski-mnoghorazovyie-nie-mieditsinskiie-5e7f9ceb226e48793e1e6e83
–ü–µ–ø—Ç–∏–¥—ã –¥–ª—è –ª–∏—Ü–∞ –∏ –º–µ–∑–æ—Ä–æ–ª–ª–µ—Ä,30.03.2020,https://youla.ru/moskva/krasota-i-zdorove/uhod-za-licom/pieptidy-dlia-litsa-i-miezorollier-5e81a8d64aa7e59846076a93
–í–æ–¥–∏—Ç–µ–ª—å,30.03.2020,https://youla.ru/moskva/rabota/ohrana-bezopasnost/zaidi-pochitai-5e7b49ae6c4b447f99268bc3
–°—ã–≤–æ—Ä–æ—Ç–∫–∞ –¥–ª—è –ª–∏—Ü–∞ –∏ –≤–µ–∫ –∏ –º–µ–∑–æ—Ä–æ–ª–ª–µ—Ä,30.03.2020,https://youla.ru/moskva/krasota-i-zdorove/uhod-za-licom/syvorotka-dlia-litsa-i-viek-i-miezorollier-5e81a411aaab28707b7bba0e
–†–µ—Å–ø–∏—Ä–∞—Ç–æ—Ä-–º–∞—Å–∫–∞ –º–µ–¥–∏—Ü–∏–Ω—Å–∫–∞—è ( –º–Ω–æ–≥–æ—Ä–∞–∑–æ–≤–∞—è ),30.03.2020,https://youla.ru/moskva/uslugi/drugoe/riespiratormaska-mieditsinskaia-5e7f4ebfb5fc2dc1564ddee4
–°–∞–π—Ç + –†–µ–∫–ª–∞–º–∞ –º–µ–¥–∏—Ü–∏–Ω—Å–∫–∏—Ö –º–∞—Å–æ–∫,30.03.2020,https://youla.ru/moskva/uslugi/kompyuternye/sait-+-rieklama-mieditsinskikh-masok-5e81a11fdf53403869343ec3
–ú–∞—Å–∫–∏ –º–µ–¥–∏—Ü–∏–Ω—Å–∫–∏–µ,30.03.2020,https://youla.ru/moskva/krasota-i-zdorove/medicinskie-tovary/maski-mieditsinskiie-5e819e41ec9855351a496655
–ú–∞—Å–∫–∏ –º–µ–¥–∏—Ü–∏–Ω—Å–∫–∏–µ,30.03.2020,https://youla.ru/moskva/krasota-i-zdorove/medicinskie-tovary/maski-mieditsinskiie-5e819e41ec9855351a496655
–ò–≥—Ä–æ–≤–æ–π –∫–æ—Å—Ç—é–º –î–æ–∫—Ç–æ—Ä–∞ –¥–ª—è –º–∞–ª—å—á–∏–∫–∞,30.03.2020,https://youla.ru/moskva/detskie/kukly-igrushki/ighrovoi-kostium-doktora-dlia-malchika-5c4384bc1bee2b0fed4b8f41
–ú–∞—Å–∫–∞ –¥–ª—è –ª–∏—Ü–∞ (–•–ë –∏ —Ç—Ä–∏–∫–æ—Ç–∞–∂–Ω—ã–µ),30.03.2020,https://youla.ru/moskva/krasota-i-zdorove/sredstva-dlya-gigieny/maska-dlia-litsa-5e7f19e6eef141da70232443
–ú–∞—Å–∫–∏ –º–Ω–æ–≥–æ—Ä–∞–∑–æ–≤—ã–µ –Ω–µ –º–µ–¥–∏—Ü–∏–Ω—Å–∫–∏–µ,30.03.2020,https://youla.ru/moskva/krasota-i-zdorove/medicinskie-tovary/maski-mnoghorazovyie-nie-mieditsinskiie-5e818e001bee2bc0063bc558
"–ú–∞—Å–∫–∞ –º–Ω–æ–≥–æ—Ä–∞–∑–æ–≤–∞—è, —Ä–∞–∑–Ω—ã–µ —Ä–∞—Å—Ü–≤–µ—Ç–∫–∏",30.03.2020,https://youla.ru/moskva/krasota-i-zdorove/medicinskie-tovary/maska-mnoghorazovaia-raznyie-rastsvietki-5e7cd70422a449d7534c02ef
–ü—Ä–æ–∏–∑–≤–æ–¥—Å—Ç–≤–æ –Ω–µ –º–µ–¥–∏—Ü–∏–Ω—Å–∫–∏—Ö –º–∞—Å–æ–∫,30.03.2020,https://youla.ru/moskva/krasota-i-zdorove/medicinskie-tovary/proizvodstvo-nie-mieditsinskikh-masok-5e8179cef202637ec351a50a
–ù–µ –º–µ–¥–∏—Ü–∏–Ω—Å–∫–∞—è –º–∞—Å–∫–∞,30.03.2020,https://youla.ru/moskva/krasota-i-zdorove/sredstva-dlya-gigieny/nie-mieditsinskaia-maska-5e8123342138bb9eb17a56a3
–º–∞—Å–∫–∏ —Å–ø–æ—Ä—Ç–∏–≤–Ω—ã–µ,30.03.2020,https://youla.ru/moskva/sport-otdyh/sportivnaya-zashhita/maski-sportivnyie-5e7f7ae2e7d7ce8a680b5b4a
–ê–ª—å—Ç–µ—Ä–Ω–∞—Ç–∏–≤–∞ –∏–Ω—ä–µ–∫—Ü–∏—è–º –ø–∞—Ç—á–∏ Secret Strips,30.03.2020,https://youla.ru/moskva/krasota-i-zdorove/uhod-za-licom/tieipypatchi-dlia-ghlaz-secret-strips-korieia-5e6b2dd8c15ae3a1711efd31
–ó–∞—â–∏—Ç–Ω–∞—è –º–∞—Å–∫–∞ —Ç—Ä–µ—Ö—Å–ª–æ–π–Ω–∞—è,30.03.2020,https://youla.ru/moskva/krasota-i-zdorove/medicinskie-tovary/zashchitnaia-maska-5e810c62df534020947a1eb3
–ë–ª–æ–∫–∞—Ç–æ—Ä –≤–∏—Ä—É—Å–æ–≤,29.03.2020,https://youla.ru/moskva/krasota-i-zdorove/medicinskie-tovary/blokator-virusov-5e80fc8ff2350263b5328a83
"–ú–∞—Å–∫–∏ –º–Ω–æ–≥–æ—Ä–∞–∑–æ–≤—ã–µ , –Ω–µ –º–µ–¥–∏—Ü–∏–Ω—Å–∫–∏–µ",29.03.2020,https://youla.ru/moskva/uslugi/izgotovlenie-na-zakaz/prinimaiu-zakaz-na-poshiv-masok-5e80f68727a9ab608952b0cb
–ú–∞—Å–∫–∞ –∑–∞—â–∏—Ç–Ω–∞—è (–Ω–µ –º–µ–¥–∏—Ü–∏–Ω—Å–∫–∞—è),29.03.2020,https://youla.ru/moskva/krasota-i-zdorove/sredstva-dlya-gigieny/maska-zashchitnaia-nie-mieditsinskaia-5e80b4e727a9ab87ed108883
–ú–µ–¥–∏—Ü–∏–Ω—Å–∫–∏–µ –º–∞—Å–∫–∏,29.03.2020,https://youla.ru/moskva/krasota-i-zdorove/sredstva-dlya-gigieny/mieditsinskiie-maski-5e80e1e32756ba2fab08add3
–ú–∞—Å–∫–∞ –º–Ω–æ–≥–æ—Ä–∞–∑–æ–≤–∞—è –Ω–µ –º–µ–¥–∏—Ü–∏–Ω—Å–∫–∞—è,29.03.2020,https://youla.ru/moskva/hehndmejd/drugoe/maska-tkanievaia-nie-mieditsinskaia-5e7c94ccf20263a509438210
–ú–∞—Å–∫–∏ –Ω–µ –º–µ–¥–∏—Ü–∏–Ω—Å–∫–∏–µ —á—ë—Ä–Ω—ã–µ (–º–Ω–æ–≥–æ—Ä–∞–∑–æ–≤—ã–µ),29.03.2020,https://youla.ru/moskva/krasota-i-zdorove/sredstva-dlya-gigieny/maski-nie-mieditsinskiie-chiornyie-mnoghorazovyie-5e80ba89a09cd592a52b50a8
–ú–∞—Å–∫–∏,29.03.2020,https://youla.ru/moskva/zhenskaya-odezhda/aksessuary/maski-5e7d18c50fff814dbd092953
–ó–∞—â–∏—Ç–Ω–∞—è —Ç–∫–∞–Ω–µ–≤–∞—è –º–∞—Å–∫–∞ –¥–ª—è –ª–∏—Ü–∞. –ß–µ—Ä–Ω–∞—è,29.03.2020,https://youla.ru/moskva/muzhskaya-odezhda/aksessuary/zashchitnaia-tkanievaia-maska-dlia-litsa-chiernaia-i-siniaia-5e7f950813a31eae9752fe53
–¢–∫–∞–Ω—å –¥–ª—è –º–µ–¥–∏—Ü–∏–Ω—Å–∫–∏—Ö –º–∞—Å–æ–∫ –±–µ–ª–∞—è –∑–∞ –º–µ—Ç—Ä.,29.03.2020,https://youla.ru/moskva/krasota-i-zdorove/medicinskie-tovary/tkan-dlia-mieditsinskikh-masok-bielaia-za-mietr-5e80d10d4f1bc0b4f663cd33
–®–∫–∞—Ñ –ø–µ–Ω–∞–ª –≤–∞–Ω–Ω—É—é –¥–ª—è –º–µ–¥–∏—Ü–∏–Ω—Å–∫–∏—Ö –º–∞—Å–æ–∫ –∫ –ø—Ä–∏–º–µ—Ä—É,29.03.2020,https://youla.ru/moskva/dom-dacha/shkafy-komody/shkaf-pienal-dlia-vannoi-5e2db28eeef141a94346d592
–ú–∞—Å–∫–∞ –º–µ–¥–∏—Ü–∏–Ω—Å–∫–∞—è,29.03.2020,https://youla.ru/moskva/hehndmejd/aksessuary/maska-5e80c8c362e1c639e34fc001
–ú–∞—Å–∫–∞ –∑–∞—â–∏—Ç–Ω–∞—è —Ä–µ—Å–ø–∏—Ä–∞—Ç–æ—Ä –º–µ–¥–∏—Ü–∏–Ω—Å–∫–∞—è,29.03.2020,https://youla.ru/moskva/krasota-i-zdorove/sredstva-dlya-gigieny/maska-zashchitnaia-tkanievaia-opt-5e80c84cf69576dd8708b3c7
–ú–∞—Å–∫–∞ –Ω–µ –º–µ–¥–∏—Ü–∏–Ω—Å–∫–∞—è —Ö–±,29.03.2020,https://youla.ru/moskva/krasota-i-zdorove/sredstva-dlya-gigieny/maska-nie-mieditsinskaia-khb-5e80c836eef141bfbd5a747b
–º–∞—Å–∫–∞ –Ω–µ –º–µ–¥–∏—Ü–∏–Ω—Å–∫–∞—è —ç–∫—Ä–∞–Ω –∑–∞—â–∏—Ç–Ω—ã–π,29.03.2020,https://youla.ru/moskva/krasota-i-zdorove/medicinskie-tovary/maska-niemieditsinskaia-ekran-zashchitnyi-5e7f824dc6ab9e938351d7ba
–ú–∞—Å–∫–∞ –º–Ω–æ–≥–æ—Ä–∞–∑–æ–≤–∞—è –¥–ª—è –ª–∏—Ü–∞ (–Ω–µ –º–µ–¥–∏—Ü–∏–Ω—Å–∫–∞—è),29.03.2020,https://youla.ru/moskva/krasota-i-zdorove/medicinskie-tovary/maska-mnoghorazovaia-dlia-litsa-nie-mieditsinskaia-5e80c50ff20263c96f24a0a4
–†–µ–∑–∏–Ω–∫–∏,29.03.2020,https://youla.ru/moskva/krasota-i-zdorove/medicinskie-tovary/riezinki-5e80c0a593800093c16bef03
–ú–∞—Å–∫–∞ –Ω–µ –º–µ–¥–∏—Ü–∏–Ω—Å–∫–∞—è,29.03.2020,https://youla.ru/moskva/zhenskaya-odezhda/aksessuary/maska-nie-mieditsinskaia-5e80b89ac15ae3748104bf13
–ú–∞—Å–∫–∞ –∑–∞—â–∏—Ç–Ω–∞—è –º–Ω–æ–≥–æ—Ä–∞–∑–æ–≤–∞—è —Å –∫–∞—Ä–º–∞—à–∫–æ–º,29.03.2020,https://youla.ru/moskva/hehndmejd/aksessuary/maska-zashchitnaia-mnoghorazovaia-s-karmashkom-5e80aff5bedcc55279629c89
–£–ª—å—Ç—Ä–∞–∑–≤—É–∫–æ–≤–æ–π –∞–ø–ø–∞—Ä–∞—Ç LA Mente Aurora CeuticalG7+,29.03.2020,https://youla.ru/moskva/krasota-i-zdorove/uhod-za-licom/ultrazvukovoi-apparat-la-mente-aurora-ceuticalg7+-5de12dead677509d9e5dc0c2
–ù–µ–æ–ø—Ä–µ–Ω–æ–≤–∞—è –º–∞—Å–∫–∞,29.03.2020,https://youla.ru/moskva/hehndmejd/ukrasheniya/nieoprienovaia-maska-5e8096b31bee2b1c9620b55c
–ú–∞—Å–∫–∏ –Ω–µ –º–µ–¥–∏—Ü–∏–Ω—Å–∫–∏–µ —á—ë—Ä–Ω—ã–µ,29.03.2020,https://youla.ru/moskva/krasota-i-zdorove/medicinskie-tovary/maski-nie-mieditsinskiie-5e7cde7c27a9ab8e6e6417a3
–†–µ–∑–∏–Ω–∫–∏ –¥–ª—è –º–µ–¥–∏—Ü–∏–Ω—Å–∫–∏—Ö –º–∞—Å–æ–∫,29.03.2020,https://youla.ru/moskva/remont-i-stroitelstvo/drugoe/riezinki-dlia-mieditsinskikh-masok-5e808f9513a31e23cf7a54bd
–ú–Ω–æ–≥–æ—Ä–∞–∑–æ–≤—ã–µ –º–∞—Å–∫–∏ —Ö–ª–æ–ø–æ–∫,29.03.2020,https://youla.ru/moskva/hehndmejd/aksessuary/mnoghorazovyie-maski-khlopok-5e78dbedbd36c07c6f07b690
–ü—Ä–æ–¥–∞–µ–º –º–∞—Å–∫–∏ –º–µ–¥–∏—Ü–∏–Ω—Å–∫–∏–µ –º–Ω–æ–≥–æ—Ä–∞–∑–æ–≤—ã–µ –æ–ø—Ç–æ–º,29.03.2020,https://youla.ru/moskva/krasota-i-zdorove/drugoe/maski-mieditsinskiie-mnoghorazovyie-optom-5e808daa0fff811ecc149f20
–ú–∞—Å–∫–∏ –º–Ω–æ–≥–æ—Ä–∞–∑–æ–≤—ã–µ –Ω–µ –º–µ–¥–∏—Ü–∏–Ω—Å–∫–∏–µ —Ä–∞–∑–Ω–æ—Ü–≤–µ—Ç–Ω—ã–π,29.03.2020,https://youla.ru/moskva/krasota-i-zdorove/medicinskie-tovary/maski-mnoghorazovyie-nie-mieditsinskiie-raznotsvietnyi-5e808d6522a449698b2ed8b9
–ó–∞—â–∏—Ç–Ω—ã–µ –º–∞—Å–∫–∏ –¥–µ—Ç—Å–∫–∏–µ –ø–æ–¥ –∑–∞–∫–∞–∑,29.03.2020,https://youla.ru/moskva/detskaya-odezhda/aksessuary/zashchitnyie-maski-dietskiie-5e8086a165bcf145b8744bcd
–ú–∞—Å–∫–∞ 3M,29.03.2020,https://youla.ru/moskva/krasota-i-zdorove/uhod-za-licom/maska-3m-5e807644a09cd59f8a369223
–ú–∞—Å–∫–∞ –¥–ª—è –ª–∏—Ü–∞ –¥–µ—Ç—Å–∫–∞—è,29.03.2020,https://youla.ru/moskva/krasota-i-zdorove/uhod-za-licom/maska-zashchitnaia-dietskaia-5e7fdec6eef141c9e83ef323
–ú–∞—Å–∫–∞ –∑–∞—â–∏—Ç–Ω–∞—è –º–Ω–æ–≥–æ—Ä–∞–∑–æ–≤–∞—è( –Ω–µ –º–µ–¥–∏—Ü–∏–Ω—Å–∫–∞—è),29.03.2020,https://youla.ru/moskva/krasota-i-zdorove/sredstva-dlya-gigieny/maska-zashchitnaia-mnoghorazovaia-nie-mieditsinskaia-5e7f865cf8efdc5065639173
–ú–µ–¥–∏—Ü–∏–Ω—Å–∫–∞—è –º–∞—Å–∫–∞,29.03.2020,https://youla.ru/moskva/hehndmejd/aksessuary/maska-5e8070184f1bc014c61ccd0a
–ú–∞—Å–∫–∞ –¥–ª—è –ª–∏—Ü–∞(–Ω–µ –º–µ–¥–∏—Ü–∏–Ω—Å–∫–∞—è),29.03.2020,https://youla.ru/moskva/krasota-i-zdorove/sredstva-dlya-gigieny/maska-dlia-litsanie-mieditsinskaia-5e807054b5fc2d2ef04f9c3c
–ú–∞—Å–∫–∞ –∑–∞—â–∏—Ç–Ω–∞—è –º–Ω–æ–≥–æ—Ä–∞–∑–æ–≤–∞—è –Ω–µ –º–µ–¥–∏—Ü–∏–Ω—Å–∫–∞—è,29.03.2020,https://youla.ru/moskva/zhenskaya-odezhda/aksessuary/maska-zashchitnaia-mnoghorazovaia-5e8069dfdbdf0fc65d059589
–ú–∞—Å–∫–∞ –Ω–µ –º–µ–¥–∏—Ü–∏–Ω—Å–∫–∞—è –º–Ω–æ–≥–æ—Ä–∞–∑–æ–≤–∞—è,29.03.2020,https://youla.ru/moskva/krasota-i-zdorove/medicinskie-tovary/maska-nie-mieditsinskaia-mnoghorazovaia-5e8069c5f2350240cd08b5a3
–ó–∞—â–∏—Ç–Ω—ã–µ –º–µ–¥–∏—Ü–∏–Ω—Å–∫–∏–µ –æ—á–∫–∏,29.03.2020,https://youla.ru/moskva/krasota-i-zdorove/medicinskie-tovary/zashchitnyie-mieditsinskiie-ochki-5e8068efa380b6c0e60f673d
–ú–∞—Å–∫–∞ —Ñ–∏–ª—å—Ç—Ä—É—é—â–∞—è (–Ω–µ –º–µ–¥–∏—Ü–∏–Ω—Å–∫–∞—è),29.03.2020,https://youla.ru/moskva/krasota-i-zdorove/sredstva-dlya-gigieny/maska-filtruiushchaia-nie-mieditsinskaia-5e806720d677508f95034f5f
–ú–∞—Å–∫–∏ –∞–Ω—Ç–∏–±–∞–∫—Ç–µ—Ä–∏–∞–ª—å–Ω—ã–µ –Ω–µ –º–µ–¥–∏—Ü–∏–Ω—Å–∫–∏–µ,29.03.2020,https://youla.ru/moskva/detskie/zdorove-i-uhod/maski-zashchitnyie-nie-mieditsinskiie-5e806607f094f3470163ff6a
–ú–∞—Å–∫–∞ –¥–ª—è —Å–ø–æ—Ä—Ç–∞ ( –Ω–µ –º–µ–¥–∏—Ü–∏–Ω—Å–∫–∞—è),29.03.2020,https://youla.ru/moskva/krasota-i-zdorove/medicinskie-tovary/maska-dlia-sporta-nie-mieditsinskaia-5e806518eef14115670e26b2
–ú–∞—Å–∫–∞ —á–µ—Ä–Ω–∞—è –ø–ª–æ—Ç–Ω–∞—è,29.03.2020,https://youla.ru/moskva/hehndmejd/aksessuary/maska-chiernaia-plotnaia-5e8052609f35997029024f37
–ú–∞—Å–∫–∞ –º–∞—Ä–ª–µ–≤–∞—è –º–Ω–æ–≥–æ—Ä–∞–∑–æ–≤–∞—è 8—Ö —Å–ª–æ–π–Ω–∞—è,29.03.2020,https://youla.ru/moskva/krasota-i-zdorove/medicinskie-tovary/maska-marlievaia-mnoghorazovaia-8kh-sloinaia-5e804f50d67750720802d4d5
–ú–∞—Å–∫–∞ —Ä–µ—Å–ø–∏—Ä–∞—Ç–æ—Ä (–Ω–µ –º–µ–¥–∏—Ü–∏–Ω—Å–∫–∞—è),29.03.2020,https://youla.ru/moskva/krasota-i-zdorove/medicinskie-tovary/maska-riespirator-5e804b19226e4814d32c76c5
–ú–∞—Å—Å–∞–∂ –ò–Ω–¥–∏–≤–∏–¥—É–∞–ª—å–Ω–æ –¥–ª—è –≤–∞—Å!,29.03.2020,https://youla.ru/moskva/uslugi/krasota-zdorove/massazh-individualno-dlia-vas-5ce25a5aa0995d8a3a1f10ba
–ú–∞—Å–∫–∏ –º–Ω–æ–≥–æ—Ä–∞–∑–æ–≤—ã–µ –Ω–µ –º–µ–¥–∏—Ü–∏–Ω—Å–∫–∏–µ,29.03.2020,https://youla.ru/moskva/uslugi/izgotovlenie-na-zakaz/mnoghorazovyie-maski-5e7b2abe13a31e3eb0504c68
–ú–∞—Å–∫–∞ –Ω–µ –º–µ–¥–∏—Ü–∏–Ω—Å–∫–∞—è,29.03.2020,https://youla.ru/moskva/zhenskaya-odezhda/aksessuary/maska-nie-mieditsinskaia-5e7d95c3b5fc2d62d979e333
–•–ª–æ–ø–∫–æ–≤—ã–µ –º–µ–¥–∏—Ü–∏–Ω—Å–∫–∏–µ –º–∞—Å–∫–∏,29.03.2020,https://youla.ru/moskva/krasota-i-zdorove/medicinskie-tovary/khlopkovyie-mieditsinskiie-maski-5e7fdbada380b688f9502c23
–û—á–∫–∏ –º–µ–¥–∏—Ü–∏–Ω—Å–∫–∏–µ –∑–∞—â–∏—Ç–Ω—ã–µ —Å —â–∏—Ç–∫–æ–º,29.03.2020,https://youla.ru/moskva/krasota-i-zdorove/drugoe/ochki-mieditsinskiie-zashchitnyie-s-shchitkom-5e7fc9c0b5fc2dc3aa3f8b13
–ú–∞—Å–∫–∞ –º–µ–¥–∏—Ü–∏–Ω—Å–∫–∞—è –º–Ω–æ–≥–æ —Ä–∞–∑–æ–≤–∞—è,29.03.2020,https://youla.ru/moskva/krasota-i-zdorove/medicinskie-tovary/maska-mieditsinskaia-mnogho-razovaia-5e7fc34c9f3599a2ef37f063
