Маски одноразовые черные 3-х слойные 1000шт,31.03.2020,https://youla.ru/tyumen/prochee/drugoe/maski-odnorazovyie-chiernyie-3kh-sloinyie-1000sht-5e83aa76d6775011cc6e53f3
"Маски медицинские, многоразовые",31.03.2020,https://youla.ru/tyumen/krasota-i-zdorove/medicinskie-tovary/maski-mieditsinskiie-mnoghorazovyie-5e83969262e1c61aca300b53
Одноразовые маски,31.03.2020,https://youla.ru/tyumen/krasota-i-zdorove/medicinskie-tovary/odnorazovyie-mieditsinskiie-maski-5e838bebb261ff79ab5cd173
Маска,31.03.2020,https://youla.ru/tyumen/krasota-i-zdorove/medicinskie-tovary/maska-5e8338dc2756bab5a97fed33
Маска защитная,31.03.2020,https://youla.ru/tyumen/krasota-i-zdorove/medicinskie-tovary/maska-5e835ddfcf2045a4be4ac6d3
Медицинская маска,31.03.2020,https://youla.ru/tyumen/krasota-i-zdorove/medicinskie-tovary/mieditsinskaia-maska-5e8384320fff8171636d010a
Пошив медицинских масок,31.03.2020,https://youla.ru/tyumen/uslugi/izgotovlenie-na-zakaz/poshiv-mieditsinskikh-masok-5e837301ec98556a982b63d0
Маска для лица,29.03.2020,https://youla.ru/penza/krasota-i-zdorove/medicinskie-tovary/maska-dlia-litsa-5e7fbb82f6957684e0267143
Маска медицинская многоразовая,31.03.2020,https://youla.ru/tyumen/krasota-i-zdorove/medicinskie-tovary/maska-mieditsinskaia-5e81b588bedcc54a7441222d
Одноразовые медицинские материалы,31.03.2020,https://youla.ru/tyumen/krasota-i-zdorove/medicinskie-tovary/odnorazovyie-mieditsinskiie-matierialy-5e833eed6c4b44dfdb113e23
Маски,31.03.2020,https://youla.ru/tyumen/krasota-i-zdorove/medicinskie-tovary/maski-5e7c915cbedcc50ab204d5a3
Маски многоразовые,31.03.2020,https://youla.ru/tyumen/hehndmejd/aksessuary/maski-mnoghorazovyie-5e7e4a79c887e06f7e64fe97
✨Маска медицинская ✨ Многоразовая ✨,31.03.2020,https://youla.ru/tyumen/krasota-i-zdorove/drugoe/maska-iz-biazi-5e80a19c0fff817d2104a49b
Маска многоразовая,31.03.2020,https://youla.ru/tyumen/krasota-i-zdorove/sredstva-dlya-gigieny/maska-mnoghorazovaia-5e81efec27a9abde1f636709
Маски медицинские многоразовые,31.03.2020,https://youla.ru/tyumen/krasota-i-zdorove/medicinskie-tovary/maski-mieditsinskiie-mnoghorazovyie-5e82fa6f1bee2b6c300cee2d
Медицинские многоразовые маски,31.03.2020,https://youla.ru/tyumen/krasota-i-zdorove/medicinskie-tovary/mieditsinskiie-maski-5e82f520cf689a5d2459e593
Маски многоразовые,31.03.2020,https://youla.ru/tyumen/krasota-i-zdorove/medicinskie-tovary/mieditsinskiie-maski-mnoghorazovyie-5e81e3f34aa7e5360924476e
Маска многоразовая,31.03.2020,https://youla.ru/tyumen/krasota-i-zdorove/medicinskie-tovary/maska-mnoghorazovaia-5e82c47762e1c65ac12d2a4e
Медицинские многоразовые маски,30.03.2020,https://youla.ru/tyumen/hehndmejd/drugoe/mieditsinskiie-mnoghorazovyie-maski-5e822893f2350236770eca59
многоразовая защитная маска,30.03.2020,https://youla.ru/tyumen/krasota-i-zdorove/sredstva-dlya-gigieny/zashchita-5e804cec62e1c60860478453
маска медицинская защитная многоразовая,30.03.2020,https://youla.ru/tyumen/krasota-i-zdorove/sredstva-dlya-gigieny/maska-mieditsinskaia-zashchitnaia-mnoghorazovaia-5e81d281a0995d5f094553e2
Маска,30.03.2020,https://youla.ru/tyumen/hehndmejd/aksessuary/maska-5e81cc07c15ae3df496c9756
Маска трикотажная,29.03.2020,https://youla.ru/tyumen/krasota-i-zdorove/medicinskie-tovary/maska-trikotazhnaia-5e7f90fdcf20450ceb326d4c
"Спрей - антисептик, 50мл - 100шт",31.03.2020,https://youla.ru/tyumen/prochee/drugoe/spriei-antisieptik-50ml-100sht-5e83abf4de885418b57ce2a6
Антисептик,31.03.2020,https://youla.ru/tyumen/krasota-i-zdorove/medicinskie-tovary/antisieptik-5e809613ec9855a9ab5724b3
Антисептик,31.03.2020,https://youla.ru/tyumen/krasota-i-zdorove/sredstva-dlya-gigieny/antisieptik-5e835982de885415ab3331e9
Антисептик для рук,31.03.2020,https://youla.ru/tyumen/krasota-i-zdorove/sredstva-dlya-gigieny/antisieptik-dlia-ruk-5e79d753a380b66a530f05e3
Антисептик,31.03.2020,https://youla.ru/tyumen/krasota-i-zdorove/sredstva-dlya-gigieny/antisieptik-5e8336a2d677505ec8582843
Антисептик proclean,31.03.2020,https://youla.ru/tyumen/krasota-i-zdorove/sredstva-dlya-gigieny/antisieptik-proclean-5e832f13f8efdc35b3387b8f
Антисептик,31.03.2020,https://youla.ru/tyumen/krasota-i-zdorove/sredstva-dlya-gigieny/antisieptik-5e831260cf20455ed54a97e2
Антисептик,31.03.2020,https://youla.ru/tyumen/krasota-i-zdorove/sredstva-dlya-gigieny/antisieptik-dlia-ruk-5e80a77ff235025fe4573ad0
Антисептик,31.03.2020,https://youla.ru/tyumen/krasota-i-zdorove/sredstva-dlya-gigieny/antisieptik-5e8303c213a31e9ea101b991
"Шлифовка , покраска обработка деревянных домов !",31.03.2020,https://youla.ru/tyumen/uslugi/remont-stroitelstvo/shlifovka-pokraska-obrabotka-dierieviannykh-domov-5cd64fa3de88547a0c44e2ac
Посудомоечная машина,31.03.2020,https://youla.ru/tyumen/bytovaya-tekhnika/posudomoechnye-mashiny/posudomoiechnaia-mashina-5e71ba7666fb075b345e08d3
Антисептик,31.03.2020,https://youla.ru/tyumen/krasota-i-zdorove/sredstva-dlya-gigieny/antisieptik-5e82e181e7d7cec44766cf2a
Антисептик для рук,31.03.2020,https://youla.ru/tyumen/uslugi/krasota-zdorove/antisieptik-dlia-ruk-5e82d17fec98558099670c45
Антисептик для рук,30.03.2020,https://youla.ru/tyumen/krasota-i-zdorove/sredstva-dlya-gigieny/antisieptik-dlia-ruk-5e80edea3f53c416562078a3
Антисептик для рук,30.03.2020,https://youla.ru/tyumen/krasota-i-zdorove/uhod-za-licom/antisieptik-dlia-ruk-5e7ca9025eaa9e8921094bb9
"Садовый Домик, Баня, Вагончик,Бытовка",30.03.2020,https://youla.ru/tyumen/dom-dacha/drugoe/sadovyi-domik-bania-vaghonchikbytovka-5e4e57eda380b6294b155273
Детский велосипед,30.03.2020,https://youla.ru/tyumen/sport-otdyh/velosipedy-samokaty/dietskii-vielosipied-5e81a2fac3bdd224cf08f12a
Антисептик,30.03.2020,https://youla.ru/tyumen/krasota-i-zdorove/sredstva-dlya-gigieny/antisieptik-5e819e7365bcf15e476b8203
Антисептик профессиональный,29.03.2020,https://youla.ru/tyumen/krasota-i-zdorove/sredstva-dlya-gigieny/mieditsinskiie-izdieliia-5e8074183f53c4442a145525
Антисептик медицинский для обработки рук,29.03.2020,https://youla.ru/tyumen/krasota-i-zdorove/sredstva-dlya-gigieny/antisieptik-mieditsinskii-dlia-obrabotki-ruk-5e804522821a997d9777da9b
Заборчик,29.03.2020,https://youla.ru/tyumen/dom-dacha/sad-ogorod/zaborchik-59c744bc0fff812d383bcaa2
Куркума в капсулах,29.03.2020,https://youla.ru/tyumen/krasota-i-zdorove/medicinskie-tovary/kurkuma-v-kapsulakh-5e802d0c226e48a3f8379f03
Кедровый веник,29.03.2020,https://youla.ru/tyumen/dom-dacha/drugoe/kiedrovyi-vienik-5e4bf7c5f8efdc584307e5cd
