–ø–µ—Ä—á–∞—Ç–∫–∏,31.03.2020,https://youla.ru/ekaterinburg/krasota-i-zdorove/medicinskie-tovary/pierchatki-5e83a7ab85e9d22cde6cc503
–ê–Ω—Ç–∏—Å–µ–ø—Ç–∏–∫,31.03.2020,https://youla.ru/ekaterinburg/krasota-i-zdorove/sredstva-dlya-gigieny/antisieptik-5e839f1827a9abaf033006bd
–ê–Ω—Ç–∏—Å–µ–ø—Ç–∏–∫ –¥–ª—è —Ä—É–∫ –≤—Å–µ –≤ –Ω–∞–ª–∏—á–∏–∏ –≤ –ï–∫–±,31.03.2020,https://youla.ru/ekaterinburg/krasota-i-zdorove/sredstva-dlya-gigieny/antisieptik-dlia-ruk-vsie-v-nalichii-v-iekb-5e7c87312756ba5fbe7c0af9
–ì–µ–ª—å-–∞–Ω—Ç–∏—Å–µ–ø—Ç–∏–∫ –¥–ª—è —Ä—É–∫ 1 –ª–∏—Ç—Ä.,31.03.2020,https://youla.ru/ekaterinburg/krasota-i-zdorove/sredstva-dlya-gigieny/gielantisieptik-dlia-ruk-1-litr-5e838d09bedcc564746dd8d9
–ê–Ω—Ç–∏—Å–µ–ø—Ç–∏–∫ 100 –º–ª,31.03.2020,https://youla.ru/moskva/krasota-i-zdorove/sredstva-dlya-gigieny/antisieptik-100-ml-5e838ebe22a44946ff1d78a3
–ê–Ω—Ç–∏—Å–µ–ø—Ç–∏–∫ –¥–ª—è —Ä—É–∫,31.03.2020,https://youla.ru/ekaterinburg/krasota-i-zdorove/medicinskie-tovary/antisieptik-dlia-ruk-5e8386ff9e94ba97875e5993
–ê–Ω—Ç–∏—Å–µ–ø—Ç–∏–∫| –æ–ø—Ç,31.03.2020,https://youla.ru/ekaterinburg/krasota-i-zdorove/sredstva-dlya-gigieny/antisiep|-opt-5e8367e9e7d7ceaccc30c1b6
–ê–Ω—Ç–∏—Å–µ–ø—Ç–∏–∫ –¥–ª—è —Ä—É–∫,31.03.2020,https://youla.ru/ekaterinburg/krasota-i-zdorove/sredstva-dlya-gigieny/antisieptik-dlia-ruk-5e836ec280e08e6a244524a3
–ù–æ–≤—ã–π –∫—Ä–µ–º BioAqua —Å –º—É—Ü–∏–Ω–æ–º —É–ª–∏—Ç–∫–∏ +–ø–æ–¥–∞—Ä–æ–∫,31.03.2020,https://youla.ru/ekaterinburg/krasota-i-zdorove/uhod-za-licom/novyi-kriem-bioaqua-s-mutsinom-ulitki-+podarok-5e7b239565bcf11a3d1c6f52
"–ö–†–ï–ú –ò–ó –¢–ê–ô–õ–ê–ù–î–ê –û–¢ –ü–†–´–©–ï–ô ,–£–ì–†–ï–ô ""–ú–ò–õ–ò–ù""",31.03.2020,https://youla.ru/ekaterinburg/krasota-i-zdorove/uhod-za-licom/taiskii-kriem-ot-giemoroia-i-pryshiei-milin-5e3e9fe3d67750a9f4652fca
–ú–∞—Å–∫–∏ –∏ –∞–Ω—Ç–∏—Å–µ–ø—Ç–∏–∫–∏,31.03.2020,https://youla.ru/ekaterinburg/krasota-i-zdorove/sredstva-dlya-gigieny/maski-i-antisieptiki-5e836b14e7696a9aaa2d9e18
–ê–Ω—Ç–∏—Å–µ–ø—Ç–∏—á–µ—Å–∫–æ–µ —Å—Ä–µ–¥—Å—Ç–≤–æ,31.03.2020,https://youla.ru/ekaterinburg/dom-dacha/bitovaya-himiya/antisieptichieskoie-sriedstvo-5e836a10e7d7ce6dbb1d8ab3
–°–ø–∏—Ä—Ç–æ–≤–æ–π –∞–Ω—Ç–∏—Å–µ–ø—Ç–∏–∫ –¥–ª—è —Ä—É–∫ 1–ª –∏ 10–ª.,31.03.2020,https://youla.ru/ekaterinburg/krasota-i-zdorove/sredstva-dlya-gigieny/antisieptik-spirtovoi-1l-i-10l-tsiena-za-litr-5e82e5a0bedcc565fc756eb3
–ê–Ω—Ç–∏—Å–µ–ø—Ç–∏—á–µ—Å–∫–∏–π –≥–µ–ª—å –¥–ª—è —Ä—É–∫ 5 –ª.,31.03.2020,https://youla.ru/ekaterinburg/krasota-i-zdorove/sredstva-dlya-gigieny/antisieptichieskii-ghiel-dlia-ruk-5-l-5e83659b1bee2b7e577ca583
–ë—É–¥–∫–∞ —Å–æ–±–∞—á—å—è,31.03.2020,https://youla.ru/ekaterinburg/zhivotnye/tovary/budka-sobachia-5df7ad5ca09cd54a1463bf42
–ê–Ω—Ç–∏—Å–µ–ø—Ç–∏—á–µ—Å–∫–∏–π –≥–µ–ª—å –¥–ª—è —Ä—É–∫ 1 –ª.,31.03.2020,https://youla.ru/ekaterinburg/krasota-i-zdorove/sredstva-dlya-gigieny/antisieptichieskii-ghiel-dlia-ruk-1-l-5e8364f0dbdf0f23db26cdf8
–ê–Ω—Ç–∏—Å–µ–ø—Ç–∏–∫ –∫–æ–∂–Ω—ã–π,31.03.2020,https://youla.ru/ekaterinburg/krasota-i-zdorove/sredstva-dlya-gigieny/antisieptik-kozhanyi-5e8364b5226e4804da66af63
–ê–Ω—Ç–∏—Å–µ–ø—Ç–∏–∫ –¥–ª—è —Ä—É–∫,31.03.2020,https://youla.ru/ekaterinburg/krasota-i-zdorove/sredstva-dlya-gigieny/antisieptik-dlia-ruk-5e803e254aa7e57dd53f3083
–ê–Ω—Ç–∏—Å–µ–ø—Ç–∏–∫ –¥–ª—è —Ä—É–∫,31.03.2020,https://youla.ru/ekaterinburg/krasota-i-zdorove/sredstva-dlya-gigieny/antisieptik-dlia-ruk-5e83607dd67750b6c33990f3
–ê–Ω—Ç–∏—Å–µ–ø—Ç–∏–∫ –¥–ª—è —Ä—É–∫,31.03.2020,https://youla.ru/ekaterinburg/krasota-i-zdorove/sredstva-dlya-gigieny/antisieptik-dlia-ruk-5e83603bc15ae30ea9617f43
–ê–Ω—Ç–∏—Å–µ–ø—Ç–∏–∫ 10 –ª–∏—Ç—Ä–æ–≤,31.03.2020,https://youla.ru/ekaterinburg/krasota-i-zdorove/sredstva-dlya-gigieny/antisieptik-10-litrov-5e835d7fa0660666290ccaa2
–ê–Ω—Ç–∏—Å–µ–ø—Ç–∏–∫ –¥–ª—è —Ä—É–∫ 100 –º–ª. —Å–ø—Ä–µ–π,31.03.2020,https://youla.ru/ekaterinburg/krasota-i-zdorove/sredstva-dlya-gigieny/antisieptik-dlia-ruk-100-ml-1-l-5-l-5e835d16f567954403700f03
–ê–Ω—Ç–∏—Å–µ–ø—Ç–∏–∫ (—Å–∞–Ω–∏—Ç–∞–π–∑–µ—Ä –¥–ª—è —Ä—É–∫) - –∂–∏–¥–∫–∏–π,31.03.2020,https://youla.ru/ekaterinburg/krasota-i-zdorove/sredstva-dlya-gigieny/antisieptik-sanitaizier-dlia-ruk-zhidkii-5e835c073f53c4824c0eff83
–ê–Ω—Ç–∏—Å–µ–ø—Ç–∏–∫,31.03.2020,https://youla.ru/ekaterinburg/krasota-i-zdorove/sredstva-dlya-gigieny/antisieptik-5e835a38f695766c5e7c1a7b
–ê–Ω—Ç–∏—Å–µ–ø—Ç–∏–∫ (—Å–∞–Ω–∏—Ç–∞–π–∑–µ—Ä –¥–ª—è —Ä—É–∫) - –∂–∏–¥–∫–∏–π,31.03.2020,https://youla.ru/ekaterinburg/krasota-i-zdorove/sredstva-dlya-gigieny/antisieptik-sanitaizier-dlia-ruk-5e7b2bd166fb07690e1cf14b
–°–∞–Ω–∏—Ç–∞–π–∑–µ—Ä Sanitizer –∞–Ω—Ç–∏—Å–µ–ø—Ç–∏–∫ 1000 –º–ª,31.03.2020,https://youla.ru/ekaterinburg/krasota-i-zdorove/sredstva-dlya-gigieny/sanitaizier-sanitizer-antisieptik-1000-ml-5e83583fb5fc2dccfe6c5bb3
–ê–Ω—Ç–∏—Å–µ–ø—Ç–∏–∫ 100–º–ª,31.03.2020,https://youla.ru/ekaterinburg/krasota-i-zdorove/sredstva-dlya-gigieny/antisieptik-100ml-5e83575113a31ea7ed2d4dd3
–ê–Ω—Ç–∏—Å–µ–ø—Ç–∏–∫ –¥–ª—è —Ä—É–∫. üíØ –º–ª,31.03.2020,https://youla.ru/ekaterinburg/krasota-i-zdorove/uhod-za-licom/antisieptik-kozhnyi-100-ml-5e7b6abd2756ba897d3f6c73
–ê–Ω—Ç–∏—Å–µ–ø—Ç–∏–∫. 1 –ª,31.03.2020,https://youla.ru/ekaterinburg/krasota-i-zdorove/uhod-za-licom/antisieptik-1-l-5e7c9168c3bdd2100c23399a
–ê–Ω—Ç–∏—Å–µ–ø—Ç–∏–∫ –¥–ª—è —Ä—É–∫ üíØ –º–ª.,31.03.2020,https://youla.ru/ekaterinburg/krasota-i-zdorove/uhod-za-licom/antisieptik-dlia-ruk-ml-5e816de0c3bdd245735f2c03
–ê–Ω—Ç–∏—Å–µ–ø—Ç–∏–∫ —É–Ω–∏–≤–µ—Ä—Å–∞–ª—å–Ω—ã–π –æ–ø—Ç–æ–º,31.03.2020,https://youla.ru/ekaterinburg/krasota-i-zdorove/sredstva-dlya-gigieny/antisieptik-univiersalnyi-optom-5e834a4827a9aba5630f9f13
–ê–Ω—Ç–∏—Å–µ–ø—Ç–∏–∫ 100 –º–ª,31.03.2020,https://youla.ru/ekaterinburg/krasota-i-zdorove/drugoe/antisieptik-100-ml-5e8349969e94ba916308536c
–ê–Ω—Ç–∏—Å–µ–ø—Ç–∏–∫ –¥–ª—è —Ä—É–∫ (–°–ø–∏—Ä—Ç–æ–≤–æ–π 70%),31.03.2020,https://youla.ru/ekaterinburg/krasota-i-zdorove/sredstva-dlya-gigieny/antisieptik-dlia-ruk-spirtovoi-70-5e8345453f53c446c42b0033
–ê–Ω—Ç–∏—Å–µ–ø—Ç–∏–∫ –¥–ª—è —Ä—É–∫,31.03.2020,https://youla.ru/ekaterinburg/krasota-i-zdorove/sredstva-dlya-gigieny/antisieptik-dlia-ruk-5e8095aea0660692b670ef79
–ê–Ω—Ç–∏—Å–µ–ø—Ç–∏–∫,31.03.2020,https://youla.ru/ekaterinburg/krasota-i-zdorove/sredstva-dlya-gigieny/antisieptik-5e834060e7696a59f84dbe8d
–ê–Ω—Ç–∏—Å–µ–ø—Ç–∏–∫ –æ–ø—Ç–æ–º –æ—Ç –ø—Ä–æ–∏–∑–≤–æ–¥–∏—Ç–µ–ª—è –≥. –ï–∫–∞—Ç–µ—Ä–∏–Ω–±—É—Ä–≥,31.03.2020,https://youla.ru/ekaterinburg/krasota-i-zdorove/sredstva-dlya-gigieny/antisieptik-optom-ot-proizvoditielia-gh-iekatierinburgh-5e833efad677504fc76a071d
"–¢–µ–ø–ª–∏—Ü–∞ 6—Ö3—Ö2,1 –º",31.03.2020,https://youla.ru/ekaterinburg/dom-dacha/sad-ogorod/tieplitsa-pod-sotovyi-polikarbonat-5cadde1b2756ba18367600fd
–ü–∞—Ä–Ω–∏–∫,31.03.2020,https://youla.ru/ekaterinburg/dom-dacha/sad-ogorod/parnik-5cb419ec2138bb1ef9471d11
–¢–µ–ø–ª–∏—Ü–∞ –∏–∑ –ø–æ–ª–∏–∫–∞—Ä–±–æ–Ω–∞—Ç–∞ –æ—Ç –ø—Ä–æ–∏–∑–≤–æ–¥–∏—Ç–µ–ª—è,31.03.2020,https://youla.ru/ekaterinburg/dom-dacha/sad-ogorod/tieplitsa-iz-polikarbonata-ot-proizvoditielia-5cb5aa63eef1411d196f2b59
–ê–Ω—Ç–∏—Å–µ–ø—Ç–∏–∫ –¥–ª—è —Ä—É–∫,31.03.2020,https://youla.ru/ekaterinburg/krasota-i-zdorove/sredstva-dlya-gigieny/antisieptik-dlia-ruk-5e833a67c6ab9e3a006c52d3
–ê–Ω—Ç–∏—Å–µ–ø—Ç–∏–∫ –¥–ª—è —Ä—É–∫ 50–º–ª Lafitel,31.03.2020,https://youla.ru/ekaterinburg/krasota-i-zdorove/sredstva-dlya-gigieny/antisieptik-dlia-ruk-50ml-lafitel-5e8332024aa7e5443504be23
–ê–Ω—Ç–∏—Å–µ–ø—Ç–∏–∫,31.03.2020,https://youla.ru/ekaterinburg/uslugi/krasota-zdorove/antisieptik-5e832bf8d138b32848662dd4
–ê–Ω—Ç–∏—Å–µ–ø—Ç–∏–∫,31.03.2020,https://youla.ru/ekaterinburg/krasota-i-zdorove/sredstva-dlya-gigieny/antisieptik-5e8326c862e1c633bf525427
–ê–Ω—Ç–∏—Å–µ–ø—Ç–∏–∫ –¥–ª—è —Ä—É–∫,31.03.2020,https://youla.ru/ekaterinburg/krasota-i-zdorove/uhod-za-licom/antisieptik-dlia-ruk-5e8321f262e1c6312e59da63
–ê–Ω—Ç–∏—Å–µ–ø—Ç–∏–∫ —Å–ø–∏—Ä—Ç–æ–≤–æ–π ¬´–ê–Ω—Ç–∏–≤–∏—Ä—É—Å–∏–Ω¬ª,31.03.2020,https://youla.ru/ekaterinburg/krasota-i-zdorove/sredstva-dlya-gigieny/antisieptik-spirtovoi-<<antivirusin>>-5e832165df53405cb05310e9
–ê–Ω—Ç–∏—Å–µ–ø—Ç–∏–∫ –¥–ª—è –¥–µ–∑–∏–Ω—Ñ–µ–∫—Ü–∏–∏ —Ä—É–∫,31.03.2020,https://youla.ru/ekaterinburg/krasota-i-zdorove/medicinskie-tovary/antisieptik-dlia-diezinfiektsii-ruk-5e831a8adbdf0f7d1a73f76c
–ê–Ω—Ç–∏—Å–µ–ø—Ç–∏–∫ 5 –ª,31.03.2020,https://youla.ru/ekaterinburg/krasota-i-zdorove/sredstva-dlya-gigieny/antisieptik-sanitaizier-5e83044822a449263706b729
–°–∫–∞–º–µ–π–∫–∞,31.03.2020,https://youla.ru/ekaterinburg/dom-dacha/sadovaya-mebel/skamieika-5bc9d53b1bee2b73396b2ba2
–ê–Ω—Ç–∏—Å–µ–ø—Ç–∏–∫ –î–µ–∑–∏—Ç–æ–ª –ê 1–ª.,31.03.2020,https://youla.ru/ekaterinburg/krasota-i-zdorove/sredstva-dlya-gigieny/antisieptik-diezitol-a-1l-5e82f74ebd36c084de6bed33
–ê–Ω—Ç–∏—Å–µ–ø—Ç–∏–∫ –î–µ–∑–∏—Ç–æ–ª –ê 50–º–ª.,31.03.2020,https://youla.ru/ekaterinburg/krasota-i-zdorove/sredstva-dlya-gigieny/antisieptik-diezitol-a-50ml-5e82f71362e1c6476f0dfc13
–ê–Ω—Ç–∏—Å–µ–ø—Ç–∏–∫,31.03.2020,https://youla.ru/ekaterinburg/krasota-i-zdorove/sredstva-dlya-gigieny/antisieptik-5e81dfd8e7d7ce40b841a6d3
–î–µ–∑–∏–Ω—Ñ–∏—Ü–∏—Ä—É—é—â–µ–µ —Å—Ä–µ–¥—Å—Ç–≤–æ –ú–ê–ö–°–ò-–î–ï–ó,31.03.2020,https://youla.ru/ekaterinburg/dom-dacha/bitovaya-himiya/diezinfitsiruiushchieie-sriedstvo-maksidiez-5e7f3a1ff235027b276d591a
–ê–Ω—Ç–∏—Å–µ–ø—Ç–∏–∫,31.03.2020,https://youla.ru/ekaterinburg/krasota-i-zdorove/sredstva-dlya-gigieny/antisieptik-5e82df149e94ba684b602204
–ê–Ω—Ç–∏—Å–µ–ø—Ç–∏–∫ Islsept,31.03.2020,https://youla.ru/ekaterinburg/krasota-i-zdorove/sredstva-dlya-gigieny/antisieptik-islsept-5e82dde9f567957ccf76bf23
–ê–Ω—Ç–∏—Å–µ–ø—Ç–∏–∫,31.03.2020,https://youla.ru/ekaterinburg/krasota-i-zdorove/sredstva-dlya-gigieny/antisieptik-5e82dcb7f094f34dd178ee83
–ê–Ω—Ç–∏—Å–µ–ø—Ç–∏–∫ GET Clean,31.03.2020,https://youla.ru/ekaterinburg/krasota-i-zdorove/drugoe/antisieptik-get-clean-5e81dd17cf2045cedb051b1e
Spa- –®—É–≥–∞—Ä–∏–Ω–≥ –≤—ã–µ–∑–¥ –≤ –ï–∫–∞—Ç–µ—Ä–∏–Ω–±—É—Ä–≥–µ,05.03.2020,https://youla.ru/ekaterinburg/uslugi/krasota-zdorove/sakharnaia-epiliatsiia-shugharingh-5b7bb36c2756ba97c406da4f
–ú–∞—Å–∫–∞ –º–µ–¥–∏—Ü–∏–Ω—Å–∫–∞—è,30.03.2020,https://youla.ru/all/krasota-i-zdorove/medicinskie-tovary/maska-mieditsinskaia-5e7eed8166fb0751f97cf131
–ú–Ω–æ–≥–æ—Ä–∞–∑–æ–≤–∞—è –º–µ–¥–∏—Ü–∏–Ω—Å–∫–∞—è –º–∞—Å–∫–∞,31.03.2020,https://youla.ru/ekaterinburg/hehndmejd/aksessuary/mnoghorazovaia-maska-5e7f5800a066062cfb129970
–ú–∞—Å–∫–∞ –º–µ–¥–∏—Ü–∏–Ω—Å–∫–∞—è,31.03.2020,https://youla.ru/ekaterinburg/krasota-i-zdorove/medicinskie-tovary/maska-mieditsinskaia-5e839a831bee2b88002a657f
–ú–∞—Å–∫–∞ –º–µ–¥–∏—Ü–∏–Ω—Å–∫–∞—è,31.03.2020,https://youla.ru/ekaterinburg/krasota-i-zdorove/sredstva-dlya-gigieny/maska-mieditsinskaia-5e83920a5eaa9e929b573209
–ú–∞—Å–∫–∞ —É–≤–µ–ª–∏—á–µ–Ω–Ω–æ–≥–æ —Ä–∞–∑–º–µ—Ä–∞,31.03.2020,https://youla.ru/ekaterinburg/krasota-i-zdorove/sredstva-dlya-gigieny/maska-uvielichiennogho-razmiera-5e838b250fff814ba753ed13
–ú–∞—Å–∫–∞ –º–µ–¥–∏—Ü–∏–Ω—Å–∫–∞—è,31.03.2020,https://youla.ru/ekaterinburg/krasota-i-zdorove/sredstva-dlya-gigieny/maska-mieditsinskaia-5e838aa26c86cb163a2c5353
–ú–∞—Å–∫–∞ —Ä–∞—Å–ø–∏—Ä–∞—Ç–æ—Ä,31.03.2020,https://youla.ru/ekaterinburg/krasota-i-zdorove/sredstva-dlya-gigieny/maska-raspirator-5e838a6380e08e7cca79dfd9
–ú–∞—Å–∫–∞ –º–µ–¥–∏—Ü–∏–Ω—Å–∫–∞—è –º–Ω–æ–≥–æ—Ä–∞–∑–æ–≤–∞—è 100% —Ö–ª–æ–ø–æ–∫,31.03.2020,https://youla.ru/ekaterinburg/krasota-i-zdorove/sredstva-dlya-gigieny/maska-mieditsinskaia-mnoghorazovaia-100-khlopok-5e8387bd13a31ec9674afdb7
–ú–∞—Å–∫–∏ –∑–∞—â–∏—Ç–Ω—ã–µ,31.03.2020,https://youla.ru/ekaterinburg/krasota-i-zdorove/medicinskie-tovary/maski-zashchitnyie-5e837bfa6c4b444e8719f285
–ú–∞—Å–∫–∞ –∏–Ω–¥–∏–≤–∏–¥—É–∞–ª—å–Ω–æ–π –∑–∞—â–∏—Ç—ã,31.03.2020,https://youla.ru/ekaterinburg/krasota-i-zdorove/sredstva-dlya-gigieny/maska-individualnoi-zashchity-5e8378a4b5fc2d462f4be203
–ú–∞—Å–∫–∏ –ø–æ —Ñ–æ—Ä–º–µ –º–µ–¥–∏—Ü–∏–Ω—Å–∫–∏—Ö,31.03.2020,https://youla.ru/ekaterinburg/hehndmejd/aksessuary/maski-po-formie-mieditsinskikh-5e836e94a066069829540b20
–ú–∞—Å–∫–∞ –º–Ω–æ–≥–æ—Ä–∞–∑–æ–≤–∞—è –∏–∑ –º–µ–¥–∏—Ü–∏–Ω—Å–∫–æ–≥–æ –º–∞—Ç–µ—Ä–∏–∞–ª–∞,31.03.2020,https://youla.ru/ekaterinburg/krasota-i-zdorove/sredstva-dlya-gigieny/maska-mnoghorazovaia-iz-mieditsinskogho-matieriala-5e836cdfcf689a838e5417c8
–ú–∞—Å–∫–∞ –∑–∞—â–∏—Ç–Ω–∞—è,31.03.2020,https://youla.ru/ekaterinburg/krasota-i-zdorove/medicinskie-tovary/maska-zashchitnaia-5e836cbfbd36c092962aaf33
–ú–∞—Å–∫–∞ –º–Ω–æ–≥–æ—Ä–∞–∑–æ–≤–∞—è –∏–∑ —Ç–∫–∞–Ω–∏,31.03.2020,https://youla.ru/ekaterinburg/hehndmejd/aksessuary/maska-mnoghorazovaia-iz-tkani-5e82cc926c4b44c022253fa3
–ú–∞—Å–∫–∏ –º–µ–¥–∏—Ü–∏–Ω—Å–∫–∞—è –º–Ω–æ–≥–æ—Ä–∞–∑–æ–≤–∞—è,31.03.2020,https://youla.ru/ekaterinburg/krasota-i-zdorove/medicinskie-tovary/maski-mieditsinskaia-mnoghorazovaia-5e835eecde885417032b5b43
"–ú–∞—Å–∫–∞ –º–µ–¥–∏—Ü–∏–Ω—Å–∫–∞—è, –º–Ω–æ–≥–æ—Ä–∞–∑–æ–≤–∞—è",31.03.2020,https://youla.ru/ekaterinburg/krasota-i-zdorove/medicinskie-tovary/maska-mieditsinskaia-mnoghorazovaia-5e835b763f53c482ce08bc53
–ú–∞—Å–∫–∞-–†–µ—Å–ø–∏—Ä–∞—Ç–æ—Ä,31.03.2020,https://youla.ru/ekaterinburg/krasota-i-zdorove/medicinskie-tovary/raspirator-5e7cd8cc132ca55fbf11a72f
–ú–Ω–æ–≥–æ—Ä–∞–∑–æ–≤—ã–µ –º–∞—Å–∫–∏,31.03.2020,https://youla.ru/ekaterinburg/krasota-i-zdorove/medicinskie-tovary/mnoghorazovyie-maski-5e8355db074b3e22686de913
–ú–Ω–æ–≥–æ—Ä–∞–∑–æ–≤–∞—è –º–∞—Å–∫–∞ –∑–∞—â–∏—Ç–Ω–∞—è –º–µ–¥–∏—Ü–∏–Ω—Å–∫–∞—è,31.03.2020,https://youla.ru/ekaterinburg/krasota-i-zdorove/medicinskie-tovary/maska-zashchitnaia-mieditsinskaia-5e835440a0660696862b7fa3
–º–∞—Å–∫–∏ –º–µ–¥–∏—Ü–∏–Ω—Å–∫–∏–µ,31.03.2020,https://youla.ru/ekaterinburg/krasota-i-zdorove/medicinskie-tovary/maski-mieditsinskiie-5e835272821a993556551c6c
–ú–∞—Å–∫–∞ –º–µ–¥–∏—Ü–∏–Ω—Å–∫–∞—è,31.03.2020,https://youla.ru/ekaterinburg/krasota-i-zdorove/sredstva-dlya-gigieny/maska-mieditsinskaia-5e83518465bcf1356413d8c2
–ú–Ω–æ–≥–æ—Ä–∞–∑–æ–≤–∞—è –¥–≤—É—Ö—Å–ª–æ–π–Ω–∞—è –∑–∞—â–∏—Ç–Ω–∞—è –º–∞—Å–∫–∞,31.03.2020,https://youla.ru/ekaterinburg/krasota-i-zdorove/drugoe/mnoghorazovaia-dvukhsloinaia-zashchitnaia-maska-5e80fe4ba380b6a43f189263
–ú–µ–¥–∏—Ü–∏–Ω—Å–∫–∏–µ –º–∞—Å–∫–∏.,31.03.2020,https://youla.ru/ekaterinburg/krasota-i-zdorove/medicinskie-tovary/mieditsinskiie-maski-5e834e3866fb0705b20b7974
–ú–µ–¥–∏—Ü–∏–Ω—Å–∫–∞—è –º–∞—Å–∫–∞ –º–Ω–æ–≥–æ—Ä–∞–∑–æ–≤–∞—è,31.03.2020,https://youla.ru/ekaterinburg/krasota-i-zdorove/sredstva-dlya-gigieny/mieditsinskaia-maska-mnoghorazovaia-5e83478680e08e6a9a54a23d
–ê–Ω—Ç–∏—Å–µ–ø—Ç–∏–∫ –¥–ª—è —Ä—É–∫ (–°–ø–∏—Ä—Ç–æ–≤–æ–π 70%),31.03.2020,https://youla.ru/ekaterinburg/krasota-i-zdorove/sredstva-dlya-gigieny/antisieptik-dlia-ruk-spirtovoi-70-5e8345453f53c446c42b0033
–ú–∞—Å–∫–∏ –º–Ω–æ–≥–æ—Ä–∞–∑–æ–≤—ã–µ –º–µ–¥–∏—Ü–∏–Ω—Å–∫–∏–µ,31.03.2020,https://youla.ru/ekaterinburg/krasota-i-zdorove/medicinskie-tovary/maski-mnoghorazovyie-mieditsinskiie-5e833a76df5340d47f66fc56
–ú–∞—Å–∫–∞ –º–µ–¥–∏—Ü–∏–Ω—Å–∫–∞—è –¥–≤—É—Ö—Å–ª–æ–π–Ω–∞—è,31.03.2020,https://youla.ru/ekaterinburg/krasota-i-zdorove/medicinskie-tovary/maska-mieditsinskaia-dvukhsloinaia-5e83340af094f310ea0079ce
–ú–∞—Å–∫–∞ –¥–ª—è –º–∞–ª—ã—à–∞ –¥–æ 1–≥,31.03.2020,https://youla.ru/ekaterinburg/detskaya-odezhda/aksessuary/maska-dlia-malysha-do-1gh-5e833320f695763ae31d79c2
–ù–æ–≤—ã–µ —Ç–µ–∫—Å—Ç–∏–ª—å–Ω—ã–µ –º–∞—Å–∫–∏ 2020 –º–Ω–æ–≥–æ—Ä–∞–∑–æ–≤—ã–µ,31.03.2020,https://youla.ru/ekaterinburg/krasota-i-zdorove/sredstva-dlya-gigieny/novyie-tiekstilnyie-maski-2020-mnoghorazovyie-5e832b40c15ae3899d744691
–ú–∞—Å–∫–∞ –∑–∞—â–∏—Ç–Ω–∞—è –º–Ω–æ–≥–æ—Ä–∞–∑–æ–≤–∞—è,31.03.2020,https://youla.ru/ekaterinburg/krasota-i-zdorove/medicinskie-tovary/maska-zashchitnaia-mnoghorazovaia-5e83283fcf204575fd4b43ee
–ú–∞—Å–∫–∏ –¥–ª—è –ª–∏—Ü–∞,31.03.2020,https://youla.ru/ekaterinburg/krasota-i-zdorove/sredstva-dlya-gigieny/maski-dlia-litsa-5e8312f42aecd6361b53fe03
–ú–∞—Å–∫–∞ –∏–Ω–¥–∏–≤–∏–¥—É–∞–ª—å–Ω–æ–π –∑–∞—â–∏—Ç—ã,31.03.2020,https://youla.ru/ekaterinburg/krasota-i-zdorove/sredstva-dlya-gigieny/maska-individualnoi-zashchity-5e8310b2f695767537668f49
–ú–∞—Å–∫–∞ –∏–Ω–¥–∏–≤–∏–¥—É–∞–ª—å–Ω–æ–π –∑–∞—â–∏—Ç—ã,31.03.2020,https://youla.ru/ekaterinburg/krasota-i-zdorove/sredstva-dlya-gigieny/maska-individualnoi-zashchity-5e830f66f094f37211253369
–ö—Ä–∞—Å–∏–≤—ã–µ –º–∞—Å–∫–∏ –¥–ª—è –ª–∏—Ü–∞ –∞–Ω–∞—Ç–æ–º–∏—á–µ—Å–∫–æ–π —Ñ–æ—Ä–º—ã,31.03.2020,https://youla.ru/ekaterinburg/hehndmejd/aksessuary/maski-dlia-litsa-prilichnyie-anatomichieskoi-formy-5e830bb665bcf12ce37f1353
–º–∞—Å–∫–∞,31.03.2020,https://youla.ru/ekaterinburg/krasota-i-zdorove/medicinskie-tovary/poviazka-zashchitnaia-5e8051fede88540d3a156993
–ú–∞—Å–∫–∏ —Å –¥–æ—Å—Ç–∞–≤–∫–æ–π –∑–∞—â–∏—Ç–Ω—ã–µ –Ω–∞ –ª–∏—Ü–æ —Ä–æ–∑–Ω–∏—Ü–∞ –æ–ø—Ç,31.03.2020,https://youla.ru/ekaterinburg/krasota-i-zdorove/sredstva-dlya-gigieny/maski-zashchitnyie-na-litso-5e7edc5c1bee2b9c315a1177
–ú–∞—Å–∫–∞ –º–Ω–æ–≥–æ—Ä–∞–∑–æ–≤–∞—è,31.03.2020,https://youla.ru/ekaterinburg/hehndmejd/aksessuary/maska-mnoghorazovaia-5e82dd7b226e4867c628b8ce
–ú–∞—Å–∫–∏ –º–Ω–æ–≥–æ—Ä–∞–∑–æ–≤—ã–µ –ï–∫–∞—Ç–µ—Ä–∏–Ω–±—É—Ä–≥,31.03.2020,https://youla.ru/ekaterinburg/krasota-i-zdorove/sredstva-dlya-gigieny/maski-mnoghorazovyie-iekatierinburgh-5e82d9403f53c41fb92f0d5b
–º–∞—Å–∫–∞ –º–µ–¥–∏—Ü–∏–Ω—Å–∫–∞—è –Ω–æ–≤–∞—è,31.03.2020,https://youla.ru/ekaterinburg/krasota-i-zdorove/sredstva-dlya-gigieny/maska-mielitsinskaia-novach-5e82cef92756baa22b1a7df3
–ú–∞—Å–∫–∞ –º–Ω–æ–≥–æ—Ä–∞–∑–æ–≤–∞—è,31.03.2020,https://youla.ru/ekaterinburg/krasota-i-zdorove/sredstva-dlya-gigieny/maska-mnoghorazovaia-5e82c9f2de88541bfb4d23d9
–ú–∞—Å–∫–∞ —Ç–µ–∫—Å—Ç–∏–ª—å–Ω–∞—è,31.03.2020,https://youla.ru/ekaterinburg/krasota-i-zdorove/medicinskie-tovary/maska-mieditsinskaia-5e81eb5fec9855695b219ce3
–º–∞—Å–∫–∏,31.03.2020,https://youla.ru/ekaterinburg/krasota-i-zdorove/sredstva-dlya-gigieny/mieditsinskiie-maski-5e827277c6ab9e6a4c7f6e73
–ú–∞—Å–∫–∞ –º–µ–¥–∏—Ü–∏–Ω—Å–∫–∞—è –º–Ω–æ–≥–æ—Ä–∞–∑–æ–≤–∞—è,30.03.2020,https://youla.ru/ekaterinburg/krasota-i-zdorove/sredstva-dlya-gigieny/maska-mieditsinskaia-mnoghorazovaia-5e8241416c86cb9d931f2adf
–ú–∞—Å–∫–∞ –º–Ω–æ–≥–æ—Ä–∞–∑–æ–≤–∞—è,30.03.2020,https://youla.ru/ekaterinburg/krasota-i-zdorove/sredstva-dlya-gigieny/maska-mnoghorazovaia-5e82395e132ca519b40cca93
–ú–Ω–æ–≥–æ—Ä–∞–∑–æ–≤–∞—è –º–∞—Å–∫–∞ –∑–∞—â–∏—Ç–Ω–∞—è,30.03.2020,https://youla.ru/ekaterinburg/krasota-i-zdorove/medicinskie-tovary/mnoghorazovaia-mieditsinskaia-maska-5e82388e6c4b440f135c73fd
–ú–µ–¥–∏—Ü–∏–Ω—Å–∫–∞—è –º–∞—Å–∫–∞,30.03.2020,https://youla.ru/ekaterinburg/krasota-i-zdorove/drugoe/mieditsinskaia-maska-5e82274662e1c6923d154393
–ú–∞—Å–∫–∞ –¥–µ—Ç—Å–∫–∞—è –º–Ω–æ–≥–æ—Ä–∞–∑–æ–≤–∞—è,30.03.2020,https://youla.ru/ekaterinburg/krasota-i-zdorove/drugoe/maski-dietskiie-mnoghorazovyie-5e81eedb821a99b5d4075b23
–ú–∞—Å–∫–∏ –º–Ω–æ–≥–æ—Ä–∞–∑–æ–≤—ã–µ –£—Ä–∞–ª–º–∞—à,30.03.2020,https://youla.ru/ekaterinburg/krasota-i-zdorove/sredstva-dlya-gigieny/maski-mnoghorazovyie-uralmash-5e80efc46c86cb64833807d3
–º–∞—Å–∫–∞ –º–µ–¥–∏—Ü–∏–Ω—Å–∫–∞—è –Ω–æ–≤–∞—è,30.03.2020,https://youla.ru/ekaterinburg/krasota-i-zdorove/medicinskie-tovary/maska-mieditsinskaia-novaia-5e81e383b5fc2dd24b27b0f1
–≠–Ω–Ω –†–∞–π—Å –õ—ç—à–µ—Ä,30.03.2020,https://youla.ru/ekaterinburg/hobbi-razvlecheniya/knigi-zhurnaly/enn-rais-leshier-5e81d318b5fc2d198e6fa303
"–ë—è–∑—å ""–î–∏–Ω–æ–∑–∞–≤—Ä—ã""",30.03.2020,https://youla.ru/ekaterinburg/detskie/mebel/poplin-koshki-5a2bc17b821a9923e53e6557
–ú–∞—Å–∫–∞ –º–µ–¥–∏—Ü–∏–Ω—Å–∫–∞—è —Ä–µ—Å–ø–∏—Ä–∞—Ç–æ—Ä–Ω—ã–µ —Å –∫–ª–∞–ø–∞–Ω–æ–º ffp2,30.03.2020,https://youla.ru/ekaterinburg/krasota-i-zdorove/medicinskie-tovary/maska-mieditsinskaia-riespiratornyie-s-klapanom-ffp2-5e81ab32df53400ae750bcf3
–¢–∫–∞–Ω–µ–≤–∞—è –∑–∞—â–∏—Ç–Ω–∞—è –º–∞—Å–∫–∞,30.03.2020,https://youla.ru/ekaterinburg/muzhskaya-odezhda/aksessuary/tkanievaia-zashchitnaia-maska-5e81a14b3f53c45553345703
–ú–∞—Å–∫–∞ –¥–ª—è –ª–∏—Ü–∞,29.03.2020,https://youla.ru/penza/krasota-i-zdorove/medicinskie-tovary/maska-dlia-litsa-5e7fbb82f6957684e0267143
"–º–∞—Å–∫–∞ –º–µ–¥–∏—Ü–∏–Ω—Å–∫–∞—è, –Ω–æ–≤–∞—è",30.03.2020,https://youla.ru/ekaterinburg/krasota-i-zdorove/medicinskie-tovary/maska-mieditsinskaia-novaia-5e817554c15ae35d816134c8
–ú–∞—Å–∫–∏ –º–Ω–æ–≥–æ—Ä–∞–∑–æ–≤—ã–µ –≠–ª—å–º–∞—à,29.03.2020,https://youla.ru/ekaterinburg/krasota-i-zdorove/sredstva-dlya-gigieny/maski-mnoghorazovyie-elmash-5e80f10a3f53c4080b6acdd2
–ú–∞—Å–∫–∞ –¥–ª—è –∏–Ω–¥–∏–≤–∏–¥—É–∞–ª—å–Ω–æ–π –∑–∞—â–∏—Ç—ã,29.03.2020,https://youla.ru/ekaterinburg/krasota-i-zdorove/sredstva-dlya-gigieny/maska-dlia-individualnoi-zashchity-5e80822cc6ab9e2c1b080ade
–ú–∞—Å–∫–∞ –∑–∞—â–∏—Ç–Ω–∞—è –¥–ª—è –ª–∏—Ü–∞,29.03.2020,https://youla.ru/ekaterinburg/krasota-i-zdorove/medicinskie-tovary/maska-zashchitnaia-dlia-litsa-5e8074cf6c86cb67a179e967
–ú–∞—Å—Å–∞–∂ –Ω–∞ –•–∏–º–º–∞—à–µ!,10.03.2020,https://youla.ru/ekaterinburg/uslugi/krasota-zdorove/massazh-na-khimmashie-5d7a0e5bc3bdd215af2c3f42
–°—É—Ö–æ–∂–∞—Ä,09.03.2020,https://youla.ru/ekaterinburg/krasota-i-zdorove/sredstva-dlya-gigieny/sukhozhar-5c7f4abf13a31e32df4f3b6f
–ú–µ–∑–æ—Ä–æ–ª–ª–µ—Ä,06.03.2020,https://youla.ru/ekaterinburg/krasota-i-zdorove/uhod-za-licom/miezorollier-59b6449380e08e733337f767
