Маски медицинские многоразовые,31.03.2020,https://youla.ru/ufa/krasota-i-zdorove/sredstva-dlya-gigieny/maski-mieditsinskiie-mnoghorazovyie-5e83a00a6c4b449096137a23
Маски,31.03.2020,https://youla.ru/rostov-na-donu/krasota-i-zdorove/medicinskie-tovary/maski-5e7f0a9b9380005db97b7b93
Маска многоразовая,31.03.2020,https://youla.ru/ufa/krasota-i-zdorove/sredstva-dlya-gigieny/maska-mnoghorazovaia-5e839b40a380b6ab216e10f0
Маска многоразовая,31.03.2020,https://youla.ru/ufa/krasota-i-zdorove/medicinskie-tovary/maska-mnoghorazovaia-5e83914b2aecd6bd9d4a2433
Маска медицинская,31.03.2020,https://youla.ru/ufa/krasota-i-zdorove/sredstva-dlya-gigieny/maska-mieditsinskaia-5e837c2f27a9ab0deb406783
Медицинские маски,31.03.2020,https://youla.ru/ufa/krasota-i-zdorove/sredstva-dlya-gigieny/mieditsinskiie-maski-5e82e06680e08ed2266705d3
Маски многоразовые медицинские,31.03.2020,https://youla.ru/ufa/krasota-i-zdorove/medicinskie-tovary/maski-mnoghorazovyie-mieditsinskiie-5e83405b3f53c4b53f365183
Маска медицинская,31.03.2020,https://youla.ru/ufa/hehndmejd/aksessuary/maska-mieditsinskaia-5e83399862e1c634b3202eab
Многоразовая маска (медицинские защитные),31.03.2020,https://youla.ru/ufa/krasota-i-zdorove/drugoe/mnoghorazovyie-maski-mieditsinskiie-5e7f7991821a99d40e2b3009
Маски медицинские многоразовые,31.03.2020,https://youla.ru/ufa/krasota-i-zdorove/sredstva-dlya-gigieny/maski-mieditsinskiie-mnoghorazovyie-5e8317b1f695766c5d48bc40
Маски,31.03.2020,https://youla.ru/ufa/krasota-i-zdorove/medicinskie-tovary/maski-5e8314ed65bcf142e42c481b
Медицинские маски,31.03.2020,https://youla.ru/ufa/krasota-i-zdorove/drugoe/mieditsinskiie-maski-5e82fe7ecf689a876b4b8ea3
Маска многоразовая тканевая,31.03.2020,https://youla.ru/ufa/krasota-i-zdorove/medicinskie-tovary/maska-mieditsinskaia-mnoghorazovaia-5e82d8f8e7d7ce4fed1b5283
Детская медицинская маска,31.03.2020,https://youla.ru/ufa/krasota-i-zdorove/medicinskie-tovary/dietskaia-mieditsinskaia-maska-5e82fa8785e9d25b1139f55e
Маска защитная,31.03.2020,https://youla.ru/ufa/krasota-i-zdorove/sredstva-dlya-gigieny/maska-zashchitnaia-5e82f00dec9855a3d96e70ce
Маски многоразовые трехслойные Уфа защитные декор,31.03.2020,https://youla.ru/ufa/uslugi/izgotovlenie-na-zakaz/maski-mnoghorazovyie-triekhsloinyie-ufa-zashchitnyie-diekor-5e8115682756babafd67f19a
Маски многоразовые в наличии,31.03.2020,https://youla.ru/ufa/krasota-i-zdorove/drugoe/maski-mnoghorazovyie-5e79de070fff81ade344459b
Медицинские маски,30.03.2020,https://youla.ru/ufa/krasota-i-zdorove/sredstva-dlya-gigieny/maski-iz-khb-tkani-5e823eeb4f1bc089712bbb8b
Маска медицинская,30.03.2020,https://youla.ru/ufa/krasota-i-zdorove/medicinskie-tovary/maska-iz-marli-5e81f667a066063bac7fc78e
Маски медицинские многоразовые. Сипайлово/ФирмаМир,30.03.2020,https://youla.ru/ufa/krasota-i-zdorove/sredstva-dlya-gigieny/maski-mieditsinskiie-mnoghorazovyie-sipailovo-5e81a017c15ae342c56eb427
Дизайнерские маски,30.03.2020,https://youla.ru/ufa/krasota-i-zdorove/sredstva-dlya-gigieny/dizainierskiie-maski-5e81df2e2138bb24a63cb097
Детская медицинская маска,30.03.2020,https://youla.ru/ufa/prochee/drugoe/dietskiie-tovary-5e81c714132ca5614a44fcf3
Маска многоразовая 4 слоя,30.03.2020,https://youla.ru/ufa/krasota-i-zdorove/sredstva-dlya-gigieny/maska-3kh-sloinaia-khlopkovaia-5e81952a2c593e99fb06ade3
Маска защитная,29.03.2020,https://youla.ru/ufa/krasota-i-zdorove/medicinskie-tovary/maska-zashchitnaia-5e80ef9e2756ba190113e189
Маски медицинские сошью для Вас.,29.03.2020,https://youla.ru/ufa/uslugi/krasota-zdorove/maski-mieditsinskiie-soshiu-dlia-vas-5e8053eb2756ba04312b8c69
Маска многоразовая медицинская,29.03.2020,https://youla.ru/ufa/krasota-i-zdorove/sredstva-dlya-gigieny/maska-v-nalichii-mieditsinskaia-mnoghorazovaia-5e803f531bee2b0b874b6733
Маска,29.03.2020,https://youla.ru/ufa/krasota-i-zdorove/sredstva-dlya-gigieny/maska-5e8028e8cf20453f4260ef7a
Наращивание ресниц,07.03.2020,https://youla.ru/ufa/uslugi/krasota-zdorove/narashchivaniie-riesnits-5decbad093800077ab424304
Антибактериальный гель для дизинфекции рук,29.03.2020,https://youla.ru/ufa/krasota-i-zdorove/sredstva-dlya-gigieny/antibaktierialnyi-ghiel-dlia-dizinfiektsii-ruk-5e806f99c15ae3df2c38df42
Меловая доска,31.03.2020,https://youla.ru/ufa/detskie/tovary-dlya-ucheby/mielovaia-loska-5b3e66052756ba31c16464f7
Аппаратный маникюр,31.03.2020,https://youla.ru/ufa/uslugi/krasota-zdorove/apparatnyi-manikiur-5e83a3dd65bcf128db364fe3
Подарочный набор,31.03.2020,https://youla.ru/ufa/hehndmejd/kosmetika/podarochnyi-nabor-5e33de3122a44966ac5c3368
Антисептик кожны действует в теч. 4ч. (доставка),31.03.2020,https://youla.ru/ufa/krasota-i-zdorove/sredstva-dlya-gigieny/antisieptik-kozhny-dieistvuiet-v-tiech-4ch-dostavka-5e8387b2f094f3264b59b2b3
Антисептик,31.03.2020,https://youla.ru/ufa/krasota-i-zdorove/sredstva-dlya-gigieny/antisieptik-5e83881df567958ca95f978f
Антисептик PocketBac,31.03.2020,https://youla.ru/ufa/krasota-i-zdorove/sredstva-dlya-gigieny/antisieptik-pocketbac-5e836e41c3bdd2756616f0c3
Антисептик для рук,31.03.2020,https://youla.ru/ufa/krasota-i-zdorove/sredstva-dlya-gigieny/antisieptik-dlia-ruk-5e8365ceeef14178840cae19
Антисептик 100 мл.,31.03.2020,https://youla.ru/ufa/krasota-i-zdorove/sredstva-dlya-gigieny/antisieptik-100-ml-5e82d573aaab2879e62ae0b3
"Обеззараживатель, антисептик для рук",30.03.2020,https://youla.ru/bataysk/krasota-i-zdorove/sredstva-dlya-gigieny/obiezzarazhivatiel-antisieptik-dlia-ruk-5e81862113a31ece452b2e74
Антисептик для рук,31.03.2020,https://youla.ru/ufa/krasota-i-zdorove/sredstva-dlya-gigieny/antisieptik-dlia-ruk-5e7f89f62138bbdf651a68fb
Антисептик для рук,31.03.2020,https://youla.ru/ufa/krasota-i-zdorove/sredstva-dlya-gigieny/antisieptik-dlia-ruk-5e83438f4f1bc0316b5b2e44
Спрей-антисептик для полости рта Амвей,31.03.2020,https://youla.ru/ufa/krasota-i-zdorove/sredstva-dlya-gigieny/sprieiantisieptik-dlia-polosti-rta-amviei-5e80d751cf689a09726a2893
"Участок, 15 сот., сельхоз (снт или днп)",31.03.2020,https://youla.ru/ufa/nedvijimost/prodaja-uchastka/uchastok-15-sot-sielkhoz-snt-ili-dnp-5d6df719b5fc2daf827b665e
Антибактериальный Спрей с антивирусным эффектом,31.03.2020,https://youla.ru/ufa/krasota-i-zdorove/sredstva-dlya-gigieny/spriei-dlia-ruk-5e832f9baaab28347144c27d
Антисептик Dettol 50 мл.,31.03.2020,https://youla.ru/ufa/krasota-i-zdorove/sredstva-dlya-gigieny/antisieptik-dettol-50-ml-5e8327132c593e40256474d9
Очки защитные,31.03.2020,https://youla.ru/ufa/krasota-i-zdorove/medicinskie-tovary/ochki-zashchitnyie-5e832958d138b354254fd3be
Антисептик кожный,31.03.2020,https://youla.ru/ufa/krasota-i-zdorove/sredstva-dlya-gigieny/antisieptik-kozhnyi-5e830e4e821a99d89241bb13
Антисептик для рук,31.03.2020,https://youla.ru/ufa/krasota-i-zdorove/sredstva-dlya-gigieny/antisieptik-dlia-ruk-5e830699a0995dce686ad79c
"Антисептик, гель для рук",31.03.2020,https://youla.ru/ufa/krasota-i-zdorove/sredstva-dlya-gigieny/antisieptik-ghiel-dlia-ruk-5e81c4d085e9d25992052ebf
Антисептическое средство от Амвей,31.03.2020,https://youla.ru/ufa/krasota-i-zdorove/sredstva-dlya-gigieny/antisieptichieskoie-sriedstvo-ot-amviei-5e80b0dd27a9ab1e675c6c29
антисептик для рук,31.03.2020,https://youla.ru/ufa/krasota-i-zdorove/sredstva-dlya-gigieny/kozhnyi-antisieptik-5e82f092bedcc54c44172ed3
Антисептик для рук,31.03.2020,https://youla.ru/ufa/krasota-i-zdorove/manikyur-pedikyur/antisieptik-dlia-ruk-5e82eeeb2756ba1e964c2db2
Антисептик для рук,31.03.2020,https://youla.ru/ufa/krasota-i-zdorove/sredstva-dlya-gigieny/antisieptik-dlia-ruk-5e7bb2d2c15ae30c8d21ace3
"Антисептик для рук, опт, канистры 21л",31.03.2020,https://youla.ru/ufa/krasota-i-zdorove/sredstva-dlya-gigieny/antisieptik-dlia-ruk-opt-kanistry-21l-5e82bb2465bcf14a1b75d725
Антисептик для рук,31.03.2020,https://youla.ru/ufa/krasota-i-zdorove/sredstva-dlya-gigieny/antisieptik-dlia-ruk-5e82b7a1ec985564f47bcde3
Приготовлю антисептик,31.03.2020,https://youla.ru/ufa/krasota-i-zdorove/sredstva-dlya-gigieny/prighotovliu-antisieptik-5e82b6e227a9abdbec7fd7e3
Антисептик Dettol 50мл,31.03.2020,https://youla.ru/ufa/krasota-i-zdorove/sredstva-dlya-gigieny/antisieptik-dettol-50ml-5e82717d9e94ba5c50711d73
Антисептик 100 р - 1 шт 6 штук за 659 рублей,31.03.2020,https://youla.ru/ufa/krasota-i-zdorove/sredstva-dlya-gigieny/antisieptik-6-shtuk-za-659-rubliei-5e826c7f2138bba22918b289
Перчатки антисептик,30.03.2020,https://youla.ru/ufa/krasota-i-zdorove/sredstva-dlya-gigieny/pierchatki-antisieptik-5e825aa16c86cb988d7574c4
Антисептик для рук,30.03.2020,https://youla.ru/ufa/krasota-i-zdorove/sredstva-dlya-gigieny/antisieptik-dlia-ruk-5e822e8962e1c602ef099379
Антисептик для рук,30.03.2020,https://youla.ru/ufa/krasota-i-zdorove/sredstva-dlya-gigieny/antisieptik-dlia-ruk-5e8080ac3f53c426df0dd26f
Антисептик кожный 100мл,30.03.2020,https://youla.ru/ufa/krasota-i-zdorove/sredstva-dlya-gigieny/antisieptik-kozhnyi-100ml-5e820f45eef14187691f7c45
Антисептик 1л и 0.3л,30.03.2020,https://youla.ru/ufa/krasota-i-zdorove/sredstva-dlya-gigieny/kozhnyi-antisieptik-1l-i-5l-5e7457d12aecd69ad25489d3
Антисептик для рук,30.03.2020,https://youla.ru/ufa/krasota-i-zdorove/sredstva-dlya-gigieny/antisieptik-dlia-ruk-5e81d8704aa7e522487126d6
Антисептик для рук,30.03.2020,https://youla.ru/ufa/krasota-i-zdorove/sredstva-dlya-gigieny/antisieptik-dlia-ruk-5e81d3bf226e483bd0598593
Антисептик 1л,30.03.2020,https://youla.ru/ufa/krasota-i-zdorove/sredstva-dlya-gigieny/antisieptik-1l-5e81cd056c86cb27bb4ae46c
Антисептики для рук,30.03.2020,https://youla.ru/ufa/krasota-i-zdorove/sredstva-dlya-gigieny/antisieptiki-dlia-ruk-5e81c5b6074b3e496a13244d
Антисептик,30.03.2020,https://youla.ru/ufa/krasota-i-zdorove/sredstva-dlya-gigieny/antisieptik-5e81bed8f69576bc9d59bec3
Антисептик,30.03.2020,https://youla.ru/ufa/krasota-i-zdorove/sredstva-dlya-gigieny/antisieptik-5e81bd4f9f3599ba7a045b7f
Антисептик,30.03.2020,https://youla.ru/ufa/krasota-i-zdorove/sredstva-dlya-gigieny/antisieptik-5e81b208821a99d35b69a6ff
Наращивание ресниц,30.03.2020,https://youla.ru/ufa/uslugi/krasota-zdorove/narashchivaniie-riesnits-5ddd4a76cf689a5f33223112
Антисептик,30.03.2020,https://youla.ru/ufa/krasota-i-zdorove/sredstva-dlya-gigieny/antisieptik-5e819ec880e08e2092547cbe
Антисептик для рук,30.03.2020,https://youla.ru/ufa/krasota-i-zdorove/sredstva-dlya-gigieny/antisieptik-dlia-ruk-5e7dcff0f235023b5b51e1ec
Антисептическое средство,30.03.2020,https://youla.ru/ufa/krasota-i-zdorove/uhod-za-licom/antisieptichieskoie-sriedstvo-5e817c0980e08e72313a9a4f
Антисептик антибактериальный гель,29.03.2020,https://youla.ru/ufa/krasota-i-zdorove/sredstva-dlya-gigieny/antisieptik-antibaktierialnyi-ghiel-5e80e604f56795325f3b318f
Антисептик( спирт 95%),29.03.2020,https://youla.ru/ufa/krasota-i-zdorove/sredstva-dlya-gigieny/antisieptik-spirt-95-5e80b00abedcc5994e135123
Антисептик,29.03.2020,https://youla.ru/ufa/krasota-i-zdorove/sredstva-dlya-gigieny/antisieptik-5e806a65b5fc2dbdbf7638b2
Кожный антисептик,29.03.2020,https://youla.ru/ufa/krasota-i-zdorove/sredstva-dlya-gigieny/kozhnyi-antisieptik-5e8069a01bee2b618100d543
Антисептик,29.03.2020,https://youla.ru/ufa/krasota-i-zdorove/sredstva-dlya-gigieny/antisieptiki-5e8030e52c593e1782403503
Антисептик ( гель ),29.03.2020,https://youla.ru/ufa/krasota-i-zdorove/sredstva-dlya-gigieny/antisieptik-ghiel-5e7f80596c86cb57831af603
Антисептик 100 мл,29.03.2020,https://youla.ru/ufa/krasota-i-zdorove/sredstva-dlya-gigieny/antisieptik-5e7ebbdee7696a7e3357e5d3
Кожный антисептик,29.03.2020,https://youla.ru/ufa/krasota-i-zdorove/sredstva-dlya-gigieny/kozhnyi-antisieptik-5e802fd3cf2045319844a323
"Антибактериальное жидкое мыло, антисептик",29.03.2020,https://youla.ru/ufa/krasota-i-zdorove/sredstva-dlya-gigieny/antibaktierialnoie-zhidkoie-mylo-antisieptik-5e802f9d27a9ab37bb321f53
Кожный антисептик,29.03.2020,https://youla.ru/ufa/krasota-i-zdorove/sredstva-dlya-gigieny/kozhnyi-antisieptik-5e802f7d13a31e84ea5d4b33
Спрей-антисептик,29.03.2020,https://youla.ru/ufa/krasota-i-zdorove/sredstva-dlya-gigieny/sprieiantisieptik-5e801bb780e08e73c47d5123
Антисептик для рук 250мл,29.03.2020,https://youla.ru/ufa/krasota-i-zdorove/sredstva-dlya-gigieny/antisieptik-dlia-ruk-5e7f8f902c593e2ec034c808
