–ê–Ω—Ç–∏—Å–µ–ø—Ç–∏–∫ –¥–ª—è —Ä—É–∫,30.03.2020,https://youla.ru/moskva/krasota-i-zdorove/sredstva-dlya-gigieny/antisieptik-dlia-ruk-5e7f5572a09cd541716f7613
–î–µ–∑–∏–Ω—Ñ–∏—Ü–∏—Ä—É—é—â–µ–µ —Å—Ä–µ–¥—Å—Ç–≤–æ –¥–ª—è —Ä—É–∫ (–•–ª–æ—Ä–≥–µ–∫—Å–∏–¥–∏–Ω),31.03.2020,https://youla.ru/chelyabinsk/krasota-i-zdorove/sredstva-dlya-gigieny/diezinfitsiruiushchieie-sriedstvo-dlia-ruk-khlorghieksidin-5e835e05d138b3a58d5ae573
"–ê–Ω—Ç–∏—Å–µ–ø—Ç–∏–∫, —Å—Ç–∏—Ä–∏–ª—å–Ω—ã–µ —Ä—É–∫–∏",31.03.2020,https://youla.ru/chelyabinsk/krasota-i-zdorove/sredstva-dlya-gigieny/antisieptik-stiralnyie-ruki-5e70d234f094f3286d7b9829
–ê–Ω—Ç–∏—Å–µ–ø—Ç–∏–∫,31.03.2020,https://youla.ru/chelyabinsk/krasota-i-zdorove/sredstva-dlya-gigieny/antisieptik-5e836efe66fb071d2b56eda3
"–ê–Ω—Ç–∏—Å–µ–ø—Ç–∏–∫ –¥–ª—è —Ä—É–∫ –∏ –Ω–æ–≥—Ç–µ–π, —Å–ø—Ä–µ–π 100–º–ª.",31.03.2020,https://youla.ru/chelyabinsk/krasota-i-zdorove/sredstva-dlya-gigieny/antisieptik-dlia-ruk-50ml-5e75e74ec15ae328bf4ce603
–ú–Ω–æ–≥–æ—Ä–∞–∑–æ–≤—ã–µ –º–∞—Å–∫–∏,31.03.2020,https://youla.ru/chelyabinsk/krasota-i-zdorove/sredstva-dlya-gigieny/mnoghorazovyie-maski-5e8358e493800063f979d09c
–ê–Ω—Ç–∏—Å–µ–ø—Ç–∏–∫,31.03.2020,https://youla.ru/chelyabinsk/remont-i-stroitelstvo/strojmaterialy/riespiratory-5e7edf812756ba84bb15a09c
–ê–Ω—Ç–∏—Å–µ–ø—Ç–∏–∫,31.03.2020,https://youla.ru/chelyabinsk/krasota-i-zdorove/sredstva-dlya-gigieny/antisieptik-5e83407480e08e25d86cdb5e
–ê–Ω—Ç–∏—Å–µ–ø—Ç–∏–∫,31.03.2020,https://youla.ru/chelyabinsk/krasota-i-zdorove/sredstva-dlya-gigieny/rastvor-dlia-obrabotki-5e833f96f8efdc1dc70ee9b5
–ê–Ω—Ç–∏—Å–µ–ø—Ç–∏–∫,31.03.2020,https://youla.ru/chelyabinsk/krasota-i-zdorove/sredstva-dlya-gigieny/antisieptik-5e833ddddbdf0f6ff20a8e83
–ê–Ω—Ç–∏—Å–µ–ø—Ç–∏–∫,31.03.2020,https://youla.ru/chelyabinsk/krasota-i-zdorove/sredstva-dlya-gigieny/antisieptik-5e83367a4aa7e5237a174283
–ê–Ω—Ç–∏—Å–µ–ø—Ç–∏–∫ –¥–ª—è —Ä—É–∫,31.03.2020,https://youla.ru/chelyabinsk/krasota-i-zdorove/medicinskie-tovary/antisieptik-dlia-ruk-5e83358502a55882303fc126
"–ê–Ω—Ç–∏—Å–µ–ø—Ç–∏–∫ –æ–ø—Ç–æ–º (0,5 - 1–ª) —Å –¥–æ—Å—Ç–∞–≤–∫–æ–π",31.03.2020,https://youla.ru/chelyabinsk/krasota-i-zdorove/drugoe/antisieptik-optom-05-1l-s-dostavkoi-5e82e9c19f35991a3167b3f3
–ê–Ω—Ç–∏—Å–µ–ø—Ç–∏–∫,31.03.2020,https://youla.ru/chelyabinsk/krasota-i-zdorove/sredstva-dlya-gigieny/antisieptik-5e832841eef14168c6778229
–ê–Ω—Ç–∏—Å–µ–ø—Ç–∏–∫ –∫–æ–∂–Ω—ã–π 1–ª,31.03.2020,https://youla.ru/chelyabinsk/uslugi/krasota-zdorove/antisieptik-kozhnyi-1l-5e7da0d2f235028e51496c73
–ê–Ω—Ç–∏—Å–µ–ø—Ç–∏–∫,31.03.2020,https://youla.ru/chelyabinsk/krasota-i-zdorove/sredstva-dlya-gigieny/antisieptik-5e82ef63c3bdd267f1051243
–ê–Ω—Ç–∏—Å–µ–ø—Ç–∏–∫ –¥–ª—è —Ä—É–∫,31.03.2020,https://youla.ru/chelyabinsk/krasota-i-zdorove/sredstva-dlya-gigieny/antisieptik-dlia-ruk-5e831fc6d677502965327e3f
–ê–Ω—Ç–∏—Å–µ–ø—Ç–∏–∫ –¥–ª—è —Ä—É–∫,31.03.2020,https://youla.ru/chelyabinsk/krasota-i-zdorove/sredstva-dlya-gigieny/antisieptik-dlia-ruk-5e830fe5cf20456e5133667f
–ê–Ω—Ç–∏—Å–µ–ø—Ç–∏–∫,31.03.2020,https://youla.ru/chelyabinsk/dom-dacha/bitovaya-himiya/antisieptik-5e8307d5a06606559a153fc3
–ê–Ω—Ç–∏—Å–µ–ø—Ç–∏–∫ 1 –ª,31.03.2020,https://youla.ru/chelyabinsk/krasota-i-zdorove/sredstva-dlya-gigieny/antisieptik-1-l-5e82fc56a09cd5c4d27ffd5c
–ê–Ω—Ç–∏—Å–µ–ø—Ç–∏–∫,31.03.2020,https://youla.ru/chelyabinsk/krasota-i-zdorove/medicinskie-tovary/antisieptik-5e82f845de8854073044425d
–ê–Ω—Ç–∏—Å–µ–ø—Ç–∏–∫,31.03.2020,https://youla.ru/chelyabinsk/krasota-i-zdorove/medicinskie-tovary/antisieptik-5e82f7c0d138b34bb052326a
–ú–µ–¥–∏—Ü–∏–Ω—Å–∫–∏–µ –∞–Ω—Ç–∏—Å–µ–ø—Ç–∏–∫–∏ –∏ –¥—Ä,31.03.2020,https://youla.ru/chelyabinsk/krasota-i-zdorove/sredstva-dlya-gigieny/mieditsinskiie-antisieptiki-5e79de08bd36c074d8231912
–°–ø—Ä–µ–π –æ–±–µ–∑–±–æ–ª–∏–≤–∞—é—â–∏–π Bones Ling,30.03.2020,https://youla.ru/chelyabinsk/krasota-i-zdorove/drugoe/niefritovyi-massazhior-5d64ea13f8efdc6ca5557a02
–ê–Ω—Ç–∏—Å–µ–ø—Ç–∏–∫,31.03.2020,https://youla.ru/chelyabinsk/krasota-i-zdorove/sredstva-dlya-gigieny/antisieptik-5e7f16b527a9ab3c0a55964e
–ê—Ä–º–µ–π—Å–∫–∞—è –º–∞–∑—å ¬´–°–æ–∫—Ä–æ–≤–∏—â–µ –∫–æ–∂–∏¬ª –æ—Ç –ø—Å–æ—Ä–∏–∞–∑–∞,12.03.2020,https://youla.ru/chelyabinsk/krasota-i-zdorove/medicinskie-tovary/armieiskaia-maz-<<sokrovishchie-kozhi>>-ot-psoriaza-5e6a040f4f1bc08d9e51fd6a
–ê–Ω—Ç–∏—Å–µ–ø—Ç–∏–∫ –º–µ–¥–∏—Ü–∏–Ω—Å–∫–∏–π,31.03.2020,https://youla.ru/chelyabinsk/krasota-i-zdorove/sredstva-dlya-gigieny/antisieptik-mieditsinskii-5e82ee8cc3bdd232d4396167
–ú–∞—Å–∫–∞,31.03.2020,https://youla.ru/chelyabinsk/zhenskaya-odezhda/aksessuary/maska-5e7df4a7bedcc59dca70e223
–ú–∞—Å–∫–∏ —á–µ—Ä–Ω—ã–µ,31.03.2020,https://youla.ru/chelyabinsk/krasota-i-zdorove/sredstva-dlya-gigieny/maski-chiernyie-5e83a4e027a9ab541b55d683
–ê–Ω—Ç–∏—Å–µ–ø—Ç–∏–∫ –¥–ª—è —Ä—É–∫,31.03.2020,https://youla.ru/chelyabinsk/krasota-i-zdorove/sredstva-dlya-gigieny/antisieptik-dlia-ruk-5e7f2c2ea066066b10046f33
–ê–Ω—Ç–∏—Å–µ–ø—Ç–∏–∫ –¥–ª—è –æ–±—Ä–∞–±–æ—Ç–∫–∏ —Ä—É–∫ –∏ –Ω–æ–≥ Domix,31.03.2020,https://youla.ru/chelyabinsk/krasota-i-zdorove/drugoe/antisieptik-dlia-obrabotki-ruk-i-nogh-domix-5e82e0d6e7d7cec301590c29
–ê–Ω—Ç–∏—Å–µ–ø—Ç–∏–∫ –∫–æ–∂–Ω—ã–π –ú–µ–¥–ü—Ä–æ 1–ª,31.03.2020,https://youla.ru/chelyabinsk/krasota-i-zdorove/drugoe/antisieptik-kozhnyi-miedpro-1l-5e82e058a380b61cc0778383
–°—Ä–µ–¥—Å—Ç–≤–∞ –∑–∞—â–∏—Ç—ã –æ—Ä–≥–∞–Ω–æ–≤ –¥—ã—Ö–∞–Ω–∏—è,31.03.2020,https://youla.ru/chelyabinsk/krasota-i-zdorove/medicinskie-tovary/sriedstva-zashchity-orghanov-dykhaniia-5e7dae76b261ff826264c428
–°–∫–∞–º–µ–π–∫–∞ –ª–∞–≤–æ—á–∫–∞,31.03.2020,https://youla.ru/chelyabinsk/dom-dacha/stoly-stulya/skamieika-lavochka-592d41b0f567951a03154c62
–ê–Ω—Ç–∏—Å–µ–ø—Ç–∏–∫ –∫–æ–∂–Ω—ã–π,31.03.2020,https://youla.ru/chelyabinsk/krasota-i-zdorove/sredstva-dlya-gigieny/antisieptik-kozhnyi-5e80aadbf202635ea875a5f3
"–ê–Ω—Ç–∏—Å–µ–ø—Ç–∏–∫ –¥–ª—è —Ä—É–∫, —Å–∞–Ω–∏—Ç–∞–π–∑–µ—Ä",31.03.2020,https://youla.ru/chelyabinsk/krasota-i-zdorove/sredstva-dlya-gigieny/antisieptik-sanitaizier-5e803800f20263a3e44a6dd3
–ë–ò–û –ì–ï–õ–¨ –î–õ–Ø –ù–û–ì,31.03.2020,https://youla.ru/chelyabinsk/krasota-i-zdorove/uhod-za-licom/bio-giel-dlia-nog-5e773baec887e0690f4923a3
–ê–Ω—Ç–∏—Å–µ–ø—Ç–∏–∫ –¥–ª—è –ø–æ–≤–µ—Ä—Ö–Ω–æ—Å—Ç–µ–π,31.03.2020,https://youla.ru/chelyabinsk/dom-dacha/bitovaya-himiya/antisieptik-dlia-povierkhnostiei-5e7c8c0fd67750720b28ff43
–ê–Ω—Ç–∏—Å–µ–ø—Ç–∏–∫,31.03.2020,https://youla.ru/chelyabinsk/krasota-i-zdorove/sredstva-dlya-gigieny/antisieptik-5e82b6abc3bdd29b2a68b293
–¢–∞–±—É—Ä–µ—Ç,31.03.2020,https://youla.ru/chelyabinsk/dom-dacha/stoly-stulya/taburiet-5e08d2b64f1bc00e02376a30
–ê–Ω—Ç–∏—Å–µ–ø—Ç–∏–∫ –¥–ª—è —Ä—É–∫ –∏ –ø–æ–º–µ—â–µ–Ω–∏–π (—Å–µ—Ä—Ç–∏—Ñ–∏—Ü–∏—Ä–æ–≤–∞–Ω–Ω—ã–π),31.03.2020,https://youla.ru/chelyabinsk/krasota-i-zdorove/sredstva-dlya-gigieny/antisieptik-dlia-ruk-i-pomieshchienii-siertifitsirovannyi-5e82a107f094f34dfe7d88a3
–ú–∞—Å–∫–∏ —Ç–∫–∞–Ω–µ–≤—ã–µ,30.03.2020,https://youla.ru/chelyabinsk/krasota-i-zdorove/medicinskie-tovary/maski-tkanievyie-5e82210f22a449a002375f67
–í—ã–ø–∏—Å–∫–∞ –∏–∑ —Ä–æ–¥–¥–æ–º–∞ –≥–µ–ª–∏–µ–≤—ã–µ —à–∞—Ä—ã,31.03.2020,https://youla.ru/chelyabinsk/uslugi/organizaciya-prazdnikov/vypiska-iz-roddoma-ghieliievyie-shary-5c7ea324b5fc2d7e3914d067
–ì–µ–ª—å –∞–Ω—Ç–∏—Å–µ–ø—Ç–∏–∫,30.03.2020,https://youla.ru/chelyabinsk/krasota-i-zdorove/sredstva-dlya-gigieny/giel-antisieptik-5e821fd885e9d232c2685662
–ú–∞—Å–∫–∏,31.03.2020,https://youla.ru/rostov-na-donu/krasota-i-zdorove/medicinskie-tovary/maski-5e7f0a9b9380005db97b7b93
–ê–Ω—Ç–∏—Å–µ–ø—Ç–∏–∫,30.03.2020,https://youla.ru/chelyabinsk/krasota-i-zdorove/sredstva-dlya-gigieny/gielievyi-antisieptik-5e820d0185e9d269f106e6a3
–ú–∞—Å–∫–∞ –º–µ–¥–∏—Ü–∏–Ω—Å–∫–∞—è,31.03.2020,https://youla.ru/chelyabinsk/krasota-i-zdorove/sredstva-dlya-gigieny/maska-mieditsinskaia-5e83827d02a558615e639893
–ê–Ω—Ç–∏—Å–µ–ø—Ç–∏–∫,30.03.2020,https://youla.ru/chelyabinsk/uslugi/drugoe/diezrastvor-5e81f93e4f1bc00c413c6381
–ú–∞—Å–∫–∏ –º–µ–¥–∏—Ü–∏–Ω—Å–∫–∏–µ,31.03.2020,https://youla.ru/chelyabinsk/hehndmejd/aksessuary/maski-5e8385d1f6957637e062cf0a
–ê–Ω—Ç–∏—Å–µ–ø—Ç–∏–∫ –¥–ª—è —Ä—É–∫,30.03.2020,https://youla.ru/chelyabinsk/krasota-i-zdorove/sredstva-dlya-gigieny/antisieptik-dlia-ruk-5e81e443b261ffa8ac049e93
–ê–Ω—Ç–∏—Å–µ–ø—Ç–∏–∫ Dettol –û–ø—Ç–æ–º,30.03.2020,https://youla.ru/chelyabinsk/krasota-i-zdorove/uhod-za-licom/antisieptik-dettol-optom-5e81e405f2026335383d0e97
–ú–Ω–æ–≥–æ—Ä–∞–∑–æ–≤—ã–µ –º–∞—Å–∫–∏,31.03.2020,https://youla.ru/chelyabinsk/krasota-i-zdorove/medicinskie-tovary/mnoghorazovyie-maski-5e8372af3f53c4720e446a8b
–ê–Ω—Ç–∏—Å–µ–ø—Ç–∏–∫ –∫–æ–∂–Ω—ã–π,30.03.2020,https://youla.ru/chelyabinsk/krasota-i-zdorove/medicinskie-tovary/antisieptik-kozhnyi-5e81e1182aecd65d3120a309
–ú–∞—Å–∫–∞ –º–Ω–æ–≥–æ—Ä–∞–∑–æ–≤–∞—è –º–µ–¥–∏—Ü–∏–Ω—Å–∫–∞—è,31.03.2020,https://youla.ru/chelyabinsk/krasota-i-zdorove/sredstva-dlya-gigieny/maska-mnoghorazovaia-5e81f22e226e48b598157463
–ú–∞—Å–∫–∏ –º–Ω–æ–≥–æ—Ä–∞–∑–æ–≤—ã–µ,31.03.2020,https://youla.ru/chelyabinsk/krasota-i-zdorove/medicinskie-tovary/maska-mnoghorazovaia-5e82fd6ef20263805c199c80
–ú–∞—Å–∫–∏ –º–Ω–æ–≥–æ—Ä–∞–∑–æ–≤—ã–µ,31.03.2020,https://youla.ru/chelyabinsk/krasota-i-zdorove/sredstva-dlya-gigieny/maski-mnoghorazovyie-5e83649d074b3e52974acbed
–ú–Ω–æ–≥–æ—Ä–∞–∑–æ–≤–∞—è –º–µ–¥–∏—Ü–∏–Ω—Å–∫–∞—è –º–∞—Å–∫–∞ –¥–ª—è –ª–∏—Ü–∞,31.03.2020,https://youla.ru/chelyabinsk/krasota-i-zdorove/sredstva-dlya-gigieny/mnoghorazovyie-maski-5e81ab4866fb0786fc2bacb3
–ú–∞—Å–∫–∏ –º–µ–¥–∏—Ü–∏–Ω—Å–∫–∏–µ,31.03.2020,https://youla.ru/chelyabinsk/krasota-i-zdorove/sredstva-dlya-gigieny/maska-mnoghorazovaia-5e8305ff9380008c56738fdc
–º–∞—Å–∫–∞ –∑–∞—â–∏—Ç–Ω–∞—è,31.03.2020,https://youla.ru/chelyabinsk/krasota-i-zdorove/medicinskie-tovary/maska-zashchitnaia-5e80df092756ba2c74495b13
–ú–∞—Å–∫–∞ –º–µ–¥–∏—Ü–∏–Ω—Å–∫–∞—è,31.03.2020,https://youla.ru/chelyabinsk/krasota-i-zdorove/medicinskie-tovary/maski-mieditsinskiie-mnoghorazovyie-5e82005ae7d7ce7b2c0b7ee5
–ê–Ω—Ç–∏—Å–µ–ø—Ç–∏–∫,30.03.2020,https://youla.ru/chelyabinsk/krasota-i-zdorove/sredstva-dlya-gigieny/antisieptik-5e81dfcfe7696a4e8d65f0e3
–ú–µ–¥–∏—Ü–∏–Ω—Å–∫–∏–µ –º–Ω–æ–≥–æ—Ä–∞–∑–æ–≤—ã–µ –º–∞—Å–∫–∏,31.03.2020,https://youla.ru/chelyabinsk/krasota-i-zdorove/medicinskie-tovary/mieditsinskiie-mnoghorazovyie-maski-5e836fb44f1bc099401055c3
–ú–∞—Å–∫–∏ –∏–∑ –º–µ–¥–∏—Ü–∏–Ω—Å–∫–æ–≥–æ –º–∞—Ç–µ—Ä–∏–∞–ª–∞,31.03.2020,https://youla.ru/chelyabinsk/krasota-i-zdorove/sredstva-dlya-gigieny/maski-iz-mieditsinskogho-matieriala-5e817921b5fc2d23462d1bd3
–ó–∞—â–∏—Ç–Ω–∞—è –º–∞—Å–∫–∞,31.03.2020,https://youla.ru/chelyabinsk/krasota-i-zdorove/medicinskie-tovary/zashchitnyie-maski-5e7e00d05eaa9e129d02cc69
–ú–∞—Å–∫–∏ –º–Ω–æ–≥–æ—Ä–∞–∑–æ–≤—ã–µ ( –Ω–µ –º–µ–¥–∏—Ü–∏–Ω—Å–∫–∏–µ!!!),31.03.2020,https://youla.ru/chelyabinsk/krasota-i-zdorove/medicinskie-tovary/maski-mnoghorazovyie-nie-mieditsinskiie-5e835febbedcc58bbd10c33a
–º–∞—Å–∫–∞ —Å–∏—Ç—Ü–µ–≤–∞—è,31.03.2020,https://youla.ru/chelyabinsk/krasota-i-zdorove/medicinskie-tovary/maska-sittsievaia-5e836068e7d7ce6a066552f9
"–ê–Ω—Ç–∏—Å–µ–ø—Ç–∏–∫ ""–¢—Ä–∏–∫–ª–æ—Å–µ–ø—Ç""",30.03.2020,https://youla.ru/chelyabinsk/krasota-i-zdorove/sredstva-dlya-gigieny/antisieptik-triklosiept-5e81da7d132ca53321582e53
–ó–∞—â–∏—Ç–Ω–∞—è –º–∞—Å–∫–∞ —Ç—Ä–µ—Ö—Å–ª–æ–π–Ω–∞—è,31.03.2020,https://youla.ru/chelyabinsk/krasota-i-zdorove/sredstva-dlya-gigieny/zashchitnaia-maska-triekhsloinaia-5e8356bd2c593e684b75ad0b
–ú–∞—Å–∫–∞ –∏–∑ 100% –Ω–µ–æ–ø—Ä–µ–Ω–∞ (–Ω–µ –º–µ–¥–∏—Ü–∏–Ω—Å–∫–∞—è),31.03.2020,https://youla.ru/chelyabinsk/krasota-i-zdorove/sredstva-dlya-gigieny/maska-iz-100-nieopriena-nie-mieditsinskaia-5e8326c2d138b384e63da1c9
–ú–∞—Å–∫–∞ –∑–∞—â–∏—Ç–Ω–∞—è –Ω–µ–æ–ø—Ä–µ–Ω–æ–≤–∞—è –æ—Ä–∏–≥–∏–Ω–∞–ª—å–Ω–∞—è,31.03.2020,https://youla.ru/chelyabinsk/krasota-i-zdorove/sredstva-dlya-gigieny/maska-zashchitnaia-nieoprienovaia-orighinalnaia-5e835002d677508041061494
–ú–µ–¥–∏—Ü–∏–Ω—Å–∫–∏–µ –º–∞—Å–∫–∏,31.03.2020,https://youla.ru/chelyabinsk/krasota-i-zdorove/medicinskie-tovary/mieditsinskiie-maski-5e834b4e76bdc26e566eec83
–ü–ª–∞—Ç—å–µ –ø—Ä–æ–∫–∞—Ç –Ω–∞ —Ñ–æ—Ç–æ—Å–µ—Å—Å–∏—é,30.03.2020,https://youla.ru/chelyabinsk/zhenskaya-odezhda/platya-yubki/platie-prokat-na-fotosiessiiu-5bbf7bb0d138b30c5126fa0c
–º–∞—Å–∫–∞ –∑–∞—â–∏—Ç–Ω–∞—è,31.03.2020,https://youla.ru/chelyabinsk/uslugi/drugoe/maska-zashchitnaia-5e8346efa09cd5b99c17ab43
–ú–µ–¥–∏—Ü–∏–Ω—Å–∫–∏–µ –º–∞—Å–∫–∏(–º–Ω–æ–≥–æ—Ä–∞–∑–æ–≤—ã–µ),31.03.2020,https://youla.ru/chelyabinsk/krasota-i-zdorove/medicinskie-tovary/mieditsinskiie-maski-5e80b505226e48c9152ba378
–ú–∞—Å–∫–∞ –º–Ω–æ–≥–æ—Ä–∞–∑–æ–≤–∞—è,31.03.2020,https://youla.ru/chelyabinsk/krasota-i-zdorove/medicinskie-tovary/maska-mnoghorazovaia-5e822598a09cd506752916d3
–ú–∞—Å–∫–∞ –º–Ω–æ–≥–æ—Ä–∞–∑–æ–≤–∞—è –¥–ª—è –ª–∏—Ü–∞,31.03.2020,https://youla.ru/chelyabinsk/krasota-i-zdorove/medicinskie-tovary/maska-mnoghorazovaia-dlia-litsa-5e81ea90f23502224735cfdc
–ú–∞—Å–∫–∏ —Ä–µ—Å–ø–∏—Ä–∞—Ç–æ—Ä–Ω—ã–µ,31.03.2020,https://youla.ru/chelyabinsk/krasota-i-zdorove/medicinskie-tovary/maski-riespiratornyie-5e83262bdbdf0f98033d374a
–ú–∞—Å–∫–∏ –º–µ–¥–∏—Ü–∏–Ω—Å–∫–∏–µ,31.03.2020,https://youla.ru/chelyabinsk/krasota-i-zdorove/medicinskie-tovary/maski-mieditsinskiie-5e8321dbf23502937e7f34b3
–ú–∞—Å–∫–∏ –º–µ–¥–∏—Ü–∏–Ω—Å–∫–∏–µ –º–Ω–æ–≥–æ—Ä–∞–∑–æ–≤—ã–µ.,31.03.2020,https://youla.ru/chelyabinsk/krasota-i-zdorove/medicinskie-tovary/maski-mieditsinskiie-mnoghorazovyie-5e8320d4d138b3bfd15b7019
–ê–Ω—Ç–∏—Å–µ–ø—Ç–∏–∫,30.03.2020,https://youla.ru/chelyabinsk/krasota-i-zdorove/sredstva-dlya-gigieny/antisieptik-5e81d295c6ab9e5b7201ce0a
–ú–∞—Å–∫–∞ –∑–∞—â–∏—Ç–Ω–∞—è –º–Ω–æ–≥–æ—Ä–∞–∑–æ–≤–∞—è,31.03.2020,https://youla.ru/chelyabinsk/krasota-i-zdorove/sredstva-dlya-gigieny/maska-zashchitnaia-mnoghorazovaia-5e831771c3bdd24df7705f63
–ó–∞—â–∏—Ç–Ω–∞—è –º–∞—Å–∫–∞ (–Ω–µ –º–µ–¥–∏—Ü–∏–Ω—Å–∫–∞—è) —Å–º–µ–Ω–Ω—ã–µ —Ñ–∏–ª—å—Ç—Ä—ã,31.03.2020,https://youla.ru/chelyabinsk/krasota-i-zdorove/medicinskie-tovary/zashchitnaia-maska-5e82ec0ba09cd51bf31bc1c0
–ú–∞—Å–∫–∏ –∑–∞—â–∏—Ç–Ω—ã–µ,31.03.2020,https://youla.ru/chelyabinsk/krasota-i-zdorove/sredstva-dlya-gigieny/maski-zashchitnyie-5e82f6519380000c8f1947db
–ê–Ω—Ç–∏—Å–µ–ø—Ç–∏–∫,30.03.2020,https://youla.ru/chelyabinsk/krasota-i-zdorove/sredstva-dlya-gigieny/antisieptik-5e81d13c66fb075e8b1b1e49
–ú–∞—Å–∫–∏ —Ç–∫–∞–Ω–µ–≤—ã–µ –º–µ–¥–∏—Ü–∏–Ω—Å–∫–∏–µ –∑–∞—â–∏—Ç–Ω—ã–µ,31.03.2020,https://youla.ru/chelyabinsk/krasota-i-zdorove/medicinskie-tovary/khb-maski-sobstviennogho-proizvodstva-5e818f3fb5fc2d621847c0e4
–ú–µ–¥–∏—Ü–∏–Ω—Å–∫–∏–µ –º–∞—Å–∫–∏,31.03.2020,https://youla.ru/chelyabinsk/krasota-i-zdorove/medicinskie-tovary/mieditsinskiie-maski-5e82eaf6b261ffbe9c7a2c07
–ú–∞—Å–∫–∏ –º–Ω–æ–≥–æ—Ä–∞–∑–æ–≤—ã–µ,31.03.2020,https://youla.ru/chelyabinsk/prochee/drugoe/maski-mnoghorazovyie-5e82e546226e486865684abc
–ú–∞—Å–∫–∞ –º–Ω–æ–≥–æ—Ä–∞–∑–æ–≤–∞—è,31.03.2020,https://youla.ru/chelyabinsk/krasota-i-zdorove/sredstva-dlya-gigieny/maska-mnoghorazovaia-5e80ab42cf204514a532ea2a
–ú–∞—Å–∫–∞ –º–Ω–æ–≥–æ—Ä–∞–∑–æ–≤–∞—è,31.03.2020,https://youla.ru/chelyabinsk/krasota-i-zdorove/sredstva-dlya-gigieny/maska-mnoghorazovaia-5e7f6e12eef14181ab601ae3
–ú–∞—Å–∫–∞ –º–Ω–æ–≥–æ—Ä–∞–∑–æ–≤–∞—è. –í–∑—Ä–æ—Å–ª—ã–µ –∏ –¥–µ—Ç—Å–∫–∏–µ,31.03.2020,https://youla.ru/chelyabinsk/krasota-i-zdorove/sredstva-dlya-gigieny/maska-mnoghorazovaia-5e82d9442138bbce44143b23
"–º–∞—Å–∫–∏ –º–Ω–æ–≥—Ä–∞–∑–æ–≤—ã–µ, –º–µ–¥–∏—Ü–∏–Ω—Å–∫–∏–µ",31.03.2020,https://youla.ru/chelyabinsk/hehndmejd/aksessuary/maski-mnoghrazovyie-mieditsinskiie-5e82d2a8f5679599756e64e3
–ú–∞—Å–∫–∞,31.03.2020,https://youla.ru/chelyabinsk/krasota-i-zdorove/medicinskie-tovary/maska-5e82d03fa380b6837a74f583
"–ú–∞—Å—Å–∞–∂ –ª–∏—Ü–∞ –∏ —Ç–µ–ª–∞, –ª—é–±—ã–µ —Ç–µ—Ö–Ω–∏–∫–∏",31.03.2020,https://youla.ru/chelyabinsk/uslugi/krasota-zdorove/massazh-5de3a83bec98556543168a07
–ú–∞—Å–∫–∞ ¬´–º–µ–¥–∏—Ü–∏–Ω—Å–∫–∞—è¬ª,31.03.2020,https://youla.ru/chelyabinsk/hehndmejd/aksessuary/maska-<<mieditsinskaia>>-5e82c76bf69576a1ac07b1d3
–ú–∞—Å–∫–∏ –º–µ–¥–∏—Ü–∏–Ω—Å–∫–∏–µ,31.03.2020,https://youla.ru/chelyabinsk/krasota-i-zdorove/sredstva-dlya-gigieny/maski-mieditsinskiie-5e82c5402756ba333e271953
–ú–∞—Å–∫–∏ –º–Ω–æ–≥–æ—Ä–∞–∑–æ–≤—ã–µ –Ω–µ –º–µ–¥–∏—Ü–∏–Ω—Å–∫–∏–µ,31.03.2020,https://youla.ru/chelyabinsk/krasota-i-zdorove/medicinskie-tovary/maski-mieditsinskiie-mnoghorazovyie-5e82b973a066061acb58d8dd
–ü–æ—à–∏–≤ –º–µ–¥. –º–∞—Å–æ–∫ –Ω–∞ –∑–∞–∫–∞–∑,31.03.2020,https://youla.ru/chelyabinsk/uslugi/izgotovlenie-na-zakaz/poshiv-mied-masok-na-zakaz-5e82a6f9f6957678ad391343
–ú–∞—Å–∫–∞ (–º–Ω–æ–≥–æ—Ä–∞–∑–æ–≤–∞—è),31.03.2020,https://youla.ru/chelyabinsk/prochee/drugoe/maska-mnoghorazovaia-5e826deec6ab9e6a4e0d8673
–ó–∞—â–∏—Ç–Ω–∞—è –º–∞—Å–∫–∞ 3-—Ö —Å–ª–æ–π–Ω–∞—è –º–Ω–æ–≥–æ—Ä–∞–∑–æ–≤–∞—è,31.03.2020,https://youla.ru/chelyabinsk/krasota-i-zdorove/sredstva-dlya-gigieny/zashchitnaia-maska-3kh-sloinaia-mnoghorazovaia-5e826b234f1bc05dff4d804a
–ú–∞—Å–∫–∏ –Ω–µ –º–µ–¥–∏—Ü–∏–Ω—Å–∫–∏–µ –º–Ω–æ–≥–æ—Ä–∞–∑–æ–≤—ã–µ –∑–∞—â–∏—Ç–Ω—ã–µ,30.03.2020,https://youla.ru/chelyabinsk/hehndmejd/aksessuary/maski-mnoghorazovyie-5e824f99de8854076d055cea
–ú–µ–¥–∏—Ü–∏–Ω—Å–∫–∞—è –º–∞—Å–∫–∞ –º–Ω–æ–≥–æ—Ä–∞–∑–æ–≤–æ–≥–æ –∏—Å–ø–æ–ª—å–∑–æ–≤–∞–Ω–∏—è!–ø—Ä–æ—Ñ,30.03.2020,https://youla.ru/chelyabinsk/krasota-i-zdorove/medicinskie-tovary/mieditsinskaia-maska-mnoghorazovogho-ispolzovaniiaprof-5e8238ca6c4b44119449fb9f
üî¥–ú–∞—Å–∫–∞ —á—ë—Ä–Ω–∞—è —Å —Ñ–∏–∫—Å–∞—Ç–æ—Ä–æ–º –¥–ª—è –Ω–æ—Å–∞üî¥ –û–ü–¢/—Ä–æ–∑–Ω–∏—Ü–∞,30.03.2020,https://youla.ru/chelyabinsk/uslugi/izgotovlenie-na-zakaz/maska-chiornaia-s-fiksatorom-dlia-nosa-5e822e00226e48a41514de88
–ú–∞—Å–∫–∞ –∑–∞—â–∏—Ç–Ω–∞—è –º–µ–¥–∏—Ü–∏–Ω—Å–∫–∞—è,30.03.2020,https://youla.ru/chelyabinsk/krasota-i-zdorove/drugoe/maska-zashchitnaia-mieditsinskaia-5e8223f12aecd6b4e77da223
–ú–∞—Å–∫–∏ —Ç–∫–∞–Ω–µ–≤—ã–µ,30.03.2020,https://youla.ru/chelyabinsk/krasota-i-zdorove/medicinskie-tovary/maski-tkanievyie-5e82210f22a449a002375f67
üî¥–ú–∞—Å–∫–∏ –æ–ø—Ç–æ–º –∏ –≤ —Ä–æ–∑–Ω–∏—Ü—É + –≤–∞—à —Ä–∏—Å—É–Ω–æ–∫/–ª–æ–≥–æ—Ç–∏–øüî¥,30.03.2020,https://youla.ru/chelyabinsk/uslugi/izgotovlenie-na-zakaz/maski-optom-i-v-roznitsu-+-vash-risunokloghotip-5e8220564f1bc0622330fd2a
"–ú–∞–Ω–∏–∫—é—Ä, –ü–µ–¥–∏–∫—é—Ä.",30.03.2020,https://youla.ru/chelyabinsk/uslugi/krasota-zdorove/manikiur-piedikiur-5e779e47c3bdd29cdf26e8aa
–ê–Ω—Ç–∏—Å–µ–ø—Ç–∏–∫ –∫–æ–∂–Ω—ã–π –¥–ª—è —Ä—É–∫. –û–ø—Ç–æ–º —Ä–æ–∑–Ω–∏—Ü–∞,30.03.2020,https://youla.ru/chelyabinsk/krasota-i-zdorove/sredstva-dlya-gigieny/antisieptik-kozhnyi-dlia-ruk-optom-roznitsa-5e81c541a380b662447a98a4
–ê–Ω—Ç–∏—Å–µ–ø—Ç–∏–∫,30.03.2020,https://youla.ru/chelyabinsk/krasota-i-zdorove/uhod-za-licom/antisieptik-5e81c4612138bba75978873a
–ú–∞—Å–∫–∞ –∑–∞—â–∏—Ç–Ω–∞—è (–º–∞—Ä–ª—è 8 —Å–ª–æ—ë–≤),30.03.2020,https://youla.ru/chelyabinsk/krasota-i-zdorove/medicinskie-tovary/maska-zashchitnaia-5e8215b5c887e0152f120d37
–†–µ—Å–ø–∏—Ä–∞—Ç–æ—Ä,30.03.2020,https://youla.ru/chelyabinsk/krasota-i-zdorove/sredstva-dlya-gigieny/riespirator-5e8065fcf8efdc1a400e4c13
–ú–∞—Å–∫–∞ –¥–ª—è –ª–∏—Ü–∞,29.03.2020,https://youla.ru/penza/krasota-i-zdorove/medicinskie-tovary/maska-dlia-litsa-5e7fbb82f6957684e0267143
–ú–∞—Å–∫–∞ –º–µ–¥–∏—Ü–∏–Ω—Å–∫–∞—è —á–µ—Ä–Ω–∞—è –æ–ø—Ç —Ä–æ–∑–Ω–∏—Ü–∞,30.03.2020,https://youla.ru/chelyabinsk/krasota-i-zdorove/sredstva-dlya-gigieny/maska-mieditsinskaia-chiernaia-opt-roznitsa-5e820f3bb261ffaa2c02aceb
–ú–∞—Å–∫–∞ –º–µ–¥–∏—Ü–∏–Ω—Å–∫–∞—è,30.03.2020,https://youla.ru/chelyabinsk/zhenskaya-odezhda/aksessuary/maska-mieditsinskaia-5e8206049f3599369553c8bb
–ú–∞—Å–∫–∞ –º–µ–¥–∏—Ü–∏–Ω—Å–∫–∞—è,30.03.2020,https://youla.ru/chelyabinsk/muzhskaya-odezhda/aksessuary/maska-mieditsinskaia-5e8203f65eaa9ec1d721c1aa
–ú–∞—Å–∫–∞,30.03.2020,https://youla.ru/chelyabinsk/krasota-i-zdorove/sredstva-dlya-gigieny/maski-5e82022b3f53c46aff238ba3
–ú–∞—Å–∫–∞ –¥–ª—è –ª–∏—Ü–∞,30.03.2020,https://youla.ru/chelyabinsk/prochee/drugoe/maska-dlia-litsa-5e7f4d07c3bdd22fb60b79a3
–ú–∞—Å–∫–∞ –†–∞—Å–ø–∏—Ä–∞—Ç–æ—Ä 3–º Aura 9332+,30.03.2020,https://youla.ru/chelyabinsk/krasota-i-zdorove/drugoe/maska-3m-aura-9332+-5e81f43dec98555fb92c2a73
–ú–∞—Å–∫–∞ –¥–ª—è –ª–∏—Ü–∞ —Ö–µ–Ω–¥ –º–µ–π–Ω,30.03.2020,https://youla.ru/chelyabinsk/krasota-i-zdorove/medicinskie-tovary/maska-dlia-litsa-khiedmiei-5e7ba6db5eaa9e355531c0eb
–ú–Ω–æ–≥–æ—Ä–∞–∑–æ–≤—ã–µ –º–∞—Å–∫–∏ –¥–ª—è –ª–∏—Ü–∞,30.03.2020,https://youla.ru/chelyabinsk/krasota-i-zdorove/sredstva-dlya-gigieny/mnoghorazovyie-maski-dlia-litsa-5e81cfdbe7696a535a1fc95d
Honor 10,30.03.2020,https://youla.ru/chelyabinsk/smartfony-planshety/smartfony/honor-10-5e791da5b261ff67081e1953
–ú–∞—Å–∫–∏ –º–µ–¥–µ—Ü–∏–Ω—Å–∫–∏–µ,30.03.2020,https://youla.ru/chelyabinsk/krasota-i-zdorove/sredstva-dlya-gigieny/maski-miedietsinskiie-5e81c03134e190c14c3cdd32
–ú–∞—Å–∫–∞ –º–µ–¥–∏—Ü–∏–Ω—Å–∫–∞—è –º–Ω–æ–≥–æ—Ä–∞–∑–æ–≤–∞—è,30.03.2020,https://youla.ru/chelyabinsk/krasota-i-zdorove/sredstva-dlya-gigieny/maska-mieditsinskaia-mnoghorazovaia-5e817d41f202632bd06cc56a
–ú–∞—Å–∫–∏,30.03.2020,https://youla.ru/chelyabinsk/krasota-i-zdorove/medicinskie-tovary/maski-mieditsinskiie-5e8172a05eaa9e87ed1ecb43
–ú–∞—Å–∫–∞,30.03.2020,https://youla.ru/chelyabinsk/zhenskaya-odezhda/aksessuary/maska-5e8130a2c6ab9e165b16e16b
–ú–∞—Å–∫–∞,30.03.2020,https://youla.ru/chelyabinsk/uslugi/izgotovlenie-na-zakaz/maska-5e8123532aecd60f02168d93
–ú–∞—Å–∫–∞,30.03.2020,https://youla.ru/chelyabinsk/krasota-i-zdorove/medicinskie-tovary/maska-5e8122b7de8854bb331ceed5
–ú–∞—Å–∫–∞ –∑–∞—â–∏—Ç–Ω–∞—è –º–Ω–æ–≥–æ—Ä–∞–∑–æ–≤–∞—è,30.03.2020,https://youla.ru/chelyabinsk/krasota-i-zdorove/medicinskie-tovary/maska-zashchitnaia-mnoghorazovaia-5e8118ea2aecd6135c16cff3
–ú–∞—Å–∫–∞ –º–Ω–æ–≥–æ—Ä–∞–∑–æ–≤–∞—è,29.03.2020,https://youla.ru/chelyabinsk/hehndmejd/aksessuary/maska-mnoghorazovaia-5e80fe0665bcf16c4961f2c7
–ú–∞—Å–∫–∞ –∏–∑ –º–µ–¥–∏—Ü–∏–Ω—Å–∫–æ–≥–æ —Ö–ª–æ–ø–∫–∞ (–º–Ω–æ–≥–æ—Ä–∞–∑–æ–≤–∞—è),29.03.2020,https://youla.ru/chelyabinsk/prochee/drugoe/maski-iz-mieditsinskogho-khlopka-mnoghorazovyie-5e7dd71dbd36c0995b0d6843
–¢–∫–∞–Ω–µ–≤—ã–µ –º–∞—Å–∫–∏,29.03.2020,https://youla.ru/chelyabinsk/krasota-i-zdorove/sredstva-dlya-gigieny/tkanievyie-maski-5e80c306a06606bd4f34b6d8
–ú–∞—Å–∫–∞ –º–µ–¥–∏—Ü–∏–Ω—Å–∫–∞—è,29.03.2020,https://youla.ru/chelyabinsk/krasota-i-zdorove/sredstva-dlya-gigieny/maska-mieditsinskaia-5e80b7f5eef141686f4d7518
–î–µ–∫–æ—Ä–∞—Ç–∏–≤–Ω—ã–µ –∑–∞—â–∏—Ç–Ω—ã–µ –º–∞—Å–∫–∏ –¥–ª—è –ª–∏—Ü–∞,29.03.2020,https://youla.ru/chelyabinsk/krasota-i-zdorove/medicinskie-tovary/diekorativnyie-zashchitnyie-maski-dlia-litsa-5e7c5aaa2756ba07ab0dc519
–ú–∞—Å–∫–∏,29.03.2020,https://youla.ru/chelyabinsk/krasota-i-zdorove/sredstva-dlya-gigieny/maski-5e80a3aa76bdc2198a1575b2
–ú–∞—Å–∫–∞ –º–Ω–æ–≥–æ—Ä–∞–∑–æ–≤–∞—è,29.03.2020,https://youla.ru/chelyabinsk/krasota-i-zdorove/sredstva-dlya-gigieny/maska-mnoghorazovaia-5e808d3f76bdc2700c2617b3
–ú–∞—Å–∫–∞ –∑–∞—â–∏—Ç–Ω–∞—è,29.03.2020,https://youla.ru/chelyabinsk/uslugi/drugoe/maska-zashchitnaia-5e807196f235024da707836e
–ú–∞—Å–∫–∞ –º–µ–¥–∏—Ü–∏–Ω—Å–∫–∞—è –º–Ω–æ–≥–æ—Ä–∞–∑–æ–≤–∞—è,29.03.2020,https://youla.ru/chelyabinsk/krasota-i-zdorove/sredstva-dlya-gigieny/maska-mieditsinskaia-mnoghorazovaia-5e804f35c3bdd298e6061e63
–ú–∞—Å–∫–∞,29.03.2020,https://youla.ru/chelyabinsk/krasota-i-zdorove/medicinskie-tovary/riespirator-5e8045fdb261ffbd75753b6e
–ú–∞—Å–∫–∏ –∏–∑ –º–µ–¥–∏—Ü–∏–Ω—Å–∫–æ–≥–æ —Ö–ª–æ–ø–∫–∞ –º–Ω–æ–≥–æ—Ä–∞–∑–æ–≤—ã–µ,29.03.2020,https://youla.ru/chelyabinsk/prochee/drugoe/maski-iz-mieditsinskogho-khlopka-mnoghorazovyie-5e7dd7862aecd655772d03a0
–ú–∞—Å–∫–∏ –º–µ–¥–∏—Ü–∏–Ω—Å–∫–∏–µ –º–Ω–æ–≥–æ—Ä–∞–∑–æ–≤—ã–µ,29.03.2020,https://youla.ru/chelyabinsk/krasota-i-zdorove/sredstva-dlya-gigieny/maski-mnoghorazovyie-5e7e4096eef141b85f71f3bb
–ú–∞—Å—Å–∞–∂ –Ω–∞ –¥–æ–º—É.,12.03.2020,https://youla.ru/chelyabinsk/uslugi/krasota-zdorove/massazh-na-domu-5ca997e966fb07a7e31fe125
–ü–∏–ª–∏–Ω–≥,09.03.2020,https://youla.ru/chelyabinsk/uslugi/krasota-zdorove/pilingh-5e161a312756ba510c3d119f
–ü—Ä–æ–∫–æ–ª —É—à–µ–π –ø–∏—Å—Ç–æ–ª–µ—Ç–æ–º,07.03.2020,https://youla.ru/chelyabinsk/uslugi/krasota-zdorove/prokol-ushieiklassichieskii-prokol-mochki-ukha-5d15e0b9e7d7ce669f6e3ef4
